file,line,type,commit,author,date,time,timezone,datetime,depth,length
style.css,1,css,96d7bd1d,AvailableUsernameA,2025-04-11,12:57:47,-07:00,2025-04-11T12:57:47-07:00,0,6
style.css,2,css,96d7bd1d,AvailableUsernameA,2025-04-11,12:57:47,-07:00,2025-04-11T12:57:47-07:00,0,32
style.css,3,css,dc7d7666,AvailableUsernameA,2025-04-17,16:09:52,-07:00,2025-04-17T16:09:52-07:00,0,24
style.css,4,css,96d7bd1d,AvailableUsernameA,2025-04-11,12:57:47,-07:00,2025-04-11T12:57:47-07:00,0,0
style.css,5,css,96d7bd1d,AvailableUsernameA,2025-04-11,12:57:47,-07:00,2025-04-11T12:57:47-07:00,0,0
style.css,6,css,23187049,AvailableUsernameA,2025-04-03,15:25:21,-07:00,2025-04-03T15:25:21-07:00,0,5
style.css,7,css,96d7bd1d,AvailableUsernameA,2025-04-11,12:57:47,-07:00,2025-04-11T12:57:47-07:00,0,14
style.css,8,css,96d7bd1d,AvailableUsernameA,2025-04-11,12:57:47,-07:00,2025-04-11T12:57:47-07:00,0,16
style.css,9,css,96d7bd1d,AvailableUsernameA,2025-04-11,12:57:47,-07:00,2025-04-11T12:57:47-07:00,0,19
style.css,10,css,96d7bd1d,AvailableUsernameA,2025-04-11,12:57:47,-07:00,2025-04-11T12:57:47-07:00,0,13
style.css,11,css,96d7bd1d,AvailableUsernameA,2025-04-11,12:57:47,-07:00,2025-04-11T12:57:47-07:00,0,33
style.css,12,css,96d7bd1d,AvailableUsernameA,2025-04-11,12:57:47,-07:00,2025-04-11T12:57:47-07:00,0,0
style.css,13,css,96d7bd1d,AvailableUsernameA,2025-04-11,12:57:47,-07:00,2025-04-11T12:57:47-07:00,0,0
style.css,14,css,96d7bd1d,AvailableUsernameA,2025-04-11,12:57:47,-07:00,2025-04-11T12:57:47-07:00,0,9
style.css,15,css,96d7bd1d,AvailableUsernameA,2025-04-11,12:57:47,-07:00,2025-04-11T12:57:47-07:00,0,17
style.css,16,css,96d7bd1d,AvailableUsernameA,2025-04-11,12:57:47,-07:00,2025-04-11T12:57:47-07:00,0,3
style.css,17,css,96d7bd1d,AvailableUsernameA,2025-04-11,12:57:47,-07:00,2025-04-11T12:57:47-07:00,0,17
style.css,18,css,96d7bd1d,AvailableUsernameA,2025-04-11,12:57:47,-07:00,2025-04-11T12:57:47-07:00,0,0
style.css,19,css,96d7bd1d,AvailableUsernameA,2025-04-11,12:57:47,-07:00,2025-04-11T12:57:47-07:00,0,0
style.css,20,css,96d7bd1d,AvailableUsernameA,2025-04-11,12:57:47,-07:00,2025-04-11T12:57:47-07:00,0,0
style.css,21,css,96d7bd1d,AvailableUsernameA,2025-04-11,12:57:47,-07:00,2025-04-11T12:57:47-07:00,0,4
style.css,22,css,47e2c3c5,AvailableUsernameA,2025-04-17,22:51:23,-07:00,2025-04-17T22:51:23-07:00,0,77
style.css,23,css,96d7bd1d,AvailableUsernameA,2025-04-11,12:57:47,-07:00,2025-04-11T12:57:47-07:00,0,13
style.css,24,css,96d7bd1d,AvailableUsernameA,2025-04-11,12:57:47,-07:00,2025-04-11T12:57:47-07:00,0,19
style.css,25,css,96d7bd1d,AvailableUsernameA,2025-04-11,12:57:47,-07:00,2025-04-11T12:57:47-07:00,0,24
style.css,26,css,96d7bd1d,AvailableUsernameA,2025-04-11,12:57:47,-07:00,2025-04-11T12:57:47-07:00,0,26
style.css,27,css,26e174c0,AvailableUsernameA,2025-04-17,16:27:17,-07:00,2025-04-17T16:27:17-07:00,0,40
style.css,28,css,96d7bd1d,AvailableUsernameA,2025-04-11,12:57:47,-07:00,2025-04-11T12:57:47-07:00,0,20
style.css,29,css,96d7bd1d,AvailableUsernameA,2025-04-11,12:57:47,-07:00,2025-04-11T12:57:47-07:00,0,31
style.css,30,css,96d7bd1d,AvailableUsernameA,2025-04-11,12:57:47,-07:00,2025-04-11T12:57:47-07:00,0,0
style.css,31,css,96d7bd1d,AvailableUsernameA,2025-04-11,12:57:47,-07:00,2025-04-11T12:57:47-07:00,0,0
style.css,32,css,96d7bd1d,AvailableUsernameA,2025-04-11,12:57:47,-07:00,2025-04-11T12:57:47-07:00,0,6
style.css,33,css,96d7bd1d,AvailableUsernameA,2025-04-11,12:57:47,-07:00,2025-04-11T12:57:47-07:00,0,7
style.css,34,css,96d7bd1d,AvailableUsernameA,2025-04-11,12:57:47,-07:00,2025-04-11T12:57:47-07:00,0,21
style.css,35,css,96d7bd1d,AvailableUsernameA,2025-04-11,12:57:47,-07:00,2025-04-11T12:57:47-07:00,0,14
style.css,36,css,96d7bd1d,AvailableUsernameA,2025-04-11,12:57:47,-07:00,2025-04-11T12:57:47-07:00,0,18
style.css,37,css,96d7bd1d,AvailableUsernameA,2025-04-11,12:57:47,-07:00,2025-04-11T12:57:47-07:00,0,14
style.css,38,css,96d7bd1d,AvailableUsernameA,2025-04-11,12:57:47,-07:00,2025-04-11T12:57:47-07:00,0,33
style.css,39,css,96d7bd1d,AvailableUsernameA,2025-04-11,12:57:47,-07:00,2025-04-11T12:57:47-07:00,0,0
style.css,40,css,96d7bd1d,AvailableUsernameA,2025-04-11,12:57:47,-07:00,2025-04-11T12:57:47-07:00,0,0
style.css,41,css,96d7bd1d,AvailableUsernameA,2025-04-11,12:57:47,-07:00,2025-04-11T12:57:47-07:00,0,14
style.css,42,css,96d7bd1d,AvailableUsernameA,2025-04-11,12:57:47,-07:00,2025-04-11T12:57:47-07:00,0,19
style.css,43,css,96d7bd1d,AvailableUsernameA,2025-04-11,12:57:47,-07:00,2025-04-11T12:57:47-07:00,0,26
style.css,44,css,96d7bd1d,AvailableUsernameA,2025-04-11,12:57:47,-07:00,2025-04-11T12:57:47-07:00,0,26
style.css,45,css,26e174c0,AvailableUsernameA,2025-04-17,16:27:17,-07:00,2025-04-17T16:27:17-07:00,0,40
style.css,46,css,96d7bd1d,AvailableUsernameA,2025-04-11,12:57:47,-07:00,2025-04-11T12:57:47-07:00,0,21
style.css,47,css,96d7bd1d,AvailableUsernameA,2025-04-11,12:57:47,-07:00,2025-04-11T12:57:47-07:00,0,0
style.css,48,css,96d7bd1d,AvailableUsernameA,2025-04-11,12:57:47,-07:00,2025-04-11T12:57:47-07:00,0,0
style.css,49,css,96d7bd1d,AvailableUsernameA,2025-04-11,12:57:47,-07:00,2025-04-11T12:57:47-07:00,0,12
style.css,50,css,96d7bd1d,AvailableUsernameA,2025-04-11,12:57:47,-07:00,2025-04-11T12:57:47-07:00,0,19
style.css,51,css,96d7bd1d,AvailableUsernameA,2025-04-11,12:57:47,-07:00,2025-04-11T12:57:47-07:00,0,26
style.css,52,css,96d7bd1d,AvailableUsernameA,2025-04-11,12:57:47,-07:00,2025-04-11T12:57:47-07:00,0,26
style.css,53,css,96d7bd1d,AvailableUsernameA,2025-04-11,12:57:47,-07:00,2025-04-11T12:57:47-07:00,0,40
style.css,54,css,684631d3,AvailableUsernameA,2025-04-17,16:31:38,-07:00,2025-04-17T16:31:38-07:00,0,70
style.css,55,css,96d7bd1d,AvailableUsernameA,2025-04-11,12:57:47,-07:00,2025-04-11T12:57:47-07:00,0,21
style.css,56,css,96d7bd1d,AvailableUsernameA,2025-04-11,12:57:47,-07:00,2025-04-11T12:57:47-07:00,0,0
style.css,57,css,96d7bd1d,AvailableUsernameA,2025-04-11,12:57:47,-07:00,2025-04-11T12:57:47-07:00,0,0
style.css,58,css,96d7bd1d,AvailableUsernameA,2025-04-11,12:57:47,-07:00,2025-04-11T12:57:47-07:00,0,31
style.css,59,css,96d7bd1d,AvailableUsernameA,2025-04-11,12:57:47,-07:00,2025-04-11T12:57:47-07:00,0,13
style.css,60,css,96d7bd1d,AvailableUsernameA,2025-04-11,12:57:47,-07:00,2025-04-11T12:57:47-07:00,0,11
style.css,61,css,96d7bd1d,AvailableUsernameA,2025-04-11,12:57:47,-07:00,2025-04-11T12:57:47-07:00,0,22
style.css,62,css,96d7bd1d,AvailableUsernameA,2025-04-11,12:57:47,-07:00,2025-04-11T12:57:47-07:00,0,0
style.css,63,css,96d7bd1d,AvailableUsernameA,2025-04-11,12:57:47,-07:00,2025-04-11T12:57:47-07:00,0,0
style.css,64,css,96d7bd1d,AvailableUsernameA,2025-04-11,12:57:47,-07:00,2025-04-11T12:57:47-07:00,0,35
style.css,65,css,96d7bd1d,AvailableUsernameA,2025-04-11,12:57:47,-07:00,2025-04-11T12:57:47-07:00,0,14
style.css,66,css,96d7bd1d,AvailableUsernameA,2025-04-11,12:57:47,-07:00,2025-04-11T12:57:47-07:00,0,0
style.css,67,css,96d7bd1d,AvailableUsernameA,2025-04-11,12:57:47,-07:00,2025-04-11T12:57:47-07:00,0,0
style.css,68,css,96d7bd1d,AvailableUsernameA,2025-04-11,12:57:47,-07:00,2025-04-11T12:57:47-07:00,0,11
style.css,69,css,96d7bd1d,AvailableUsernameA,2025-04-11,12:57:47,-07:00,2025-04-11T12:57:47-07:00,0,18
style.css,70,css,96d7bd1d,AvailableUsernameA,2025-04-11,12:57:47,-07:00,2025-04-11T12:57:47-07:00,0,2
style.css,71,css,96d7bd1d,AvailableUsernameA,2025-04-11,12:57:47,-07:00,2025-04-11T12:57:47-07:00,0,0
style.css,72,css,96d7bd1d,AvailableUsernameA,2025-04-11,12:57:47,-07:00,2025-04-11T12:57:47-07:00,0,29
style.css,73,css,96d7bd1d,AvailableUsernameA,2025-04-11,12:57:47,-07:00,2025-04-11T12:57:47-07:00,0,13
style.css,74,css,96d7bd1d,AvailableUsernameA,2025-04-11,12:57:47,-07:00,2025-04-11T12:57:47-07:00,0,0
style.css,75,css,96d7bd1d,AvailableUsernameA,2025-04-11,12:57:47,-07:00,2025-04-11T12:57:47-07:00,0,0
style.css,76,css,96d7bd1d,AvailableUsernameA,2025-04-11,12:57:47,-07:00,2025-04-11T12:57:47-07:00,0,5
style.css,77,css,96d7bd1d,AvailableUsernameA,2025-04-11,12:57:47,-07:00,2025-04-11T12:57:47-07:00,0,13
style.css,78,css,96d7bd1d,AvailableUsernameA,2025-04-11,12:57:47,-07:00,2025-04-11T12:57:47-07:00,0,31
style.css,79,css,96d7bd1d,AvailableUsernameA,2025-04-11,12:57:47,-07:00,2025-04-11T12:57:47-07:00,0,8
style.css,80,css,96d7bd1d,AvailableUsernameA,2025-04-11,12:57:47,-07:00,2025-04-11T12:57:47-07:00,0,6
style.css,81,css,96d7bd1d,AvailableUsernameA,2025-04-11,12:57:47,-07:00,2025-04-11T12:57:47-07:00,0,13
style.css,82,css,96d7bd1d,AvailableUsernameA,2025-04-11,12:57:47,-07:00,2025-04-11T12:57:47-07:00,0,30
style.css,83,css,96d7bd1d,AvailableUsernameA,2025-04-11,12:57:47,-07:00,2025-04-11T12:57:47-07:00,0,0
style.css,84,css,96d7bd1d,AvailableUsernameA,2025-04-11,12:57:47,-07:00,2025-04-11T12:57:47-07:00,0,7
style.css,85,css,96d7bd1d,AvailableUsernameA,2025-04-11,12:57:47,-07:00,2025-04-11T12:57:47-07:00,0,19
style.css,86,css,96d7bd1d,AvailableUsernameA,2025-04-11,12:57:47,-07:00,2025-04-11T12:57:47-07:00,0,0
style.css,87,css,96d7bd1d,AvailableUsernameA,2025-04-11,12:57:47,-07:00,2025-04-11T12:57:47-07:00,0,0
style.css,88,css,96d7bd1d,AvailableUsernameA,2025-04-11,12:57:47,-07:00,2025-04-11T12:57:47-07:00,0,0
style.css,89,css,96d7bd1d,AvailableUsernameA,2025-04-11,12:57:47,-07:00,2025-04-11T12:57:47-07:00,0,10
style.css,90,css,96d7bd1d,AvailableUsernameA,2025-04-11,12:57:47,-07:00,2025-04-11T12:57:47-07:00,0,13
style.css,91,css,96d7bd1d,AvailableUsernameA,2025-04-11,12:57:47,-07:00,2025-04-11T12:57:47-07:00,0,59
style.css,92,css,96d7bd1d,AvailableUsernameA,2025-04-11,12:57:47,-07:00,2025-04-11T12:57:47-07:00,0,8
style.css,93,css,96d7bd1d,AvailableUsernameA,2025-04-11,12:57:47,-07:00,2025-04-11T12:57:47-07:00,0,8
style.css,94,css,96d7bd1d,AvailableUsernameA,2025-04-11,12:57:47,-07:00,2025-04-11T12:57:47-07:00,0,13
style.css,95,css,96d7bd1d,AvailableUsernameA,2025-04-11,12:57:47,-07:00,2025-04-11T12:57:47-07:00,0,27
style.css,96,css,96d7bd1d,AvailableUsernameA,2025-04-11,12:57:47,-07:00,2025-04-11T12:57:47-07:00,0,16
style.css,97,css,96d7bd1d,AvailableUsernameA,2025-04-11,12:57:47,-07:00,2025-04-11T12:57:47-07:00,0,3
style.css,98,css,96d7bd1d,AvailableUsernameA,2025-04-11,12:57:47,-07:00,2025-04-11T12:57:47-07:00,0,9
style.css,99,css,96d7bd1d,AvailableUsernameA,2025-04-11,12:57:47,-07:00,2025-04-11T12:57:47-07:00,0,0
style.css,100,css,96d7bd1d,AvailableUsernameA,2025-04-11,12:57:47,-07:00,2025-04-11T12:57:47-07:00,0,0
style.css,101,css,96d7bd1d,AvailableUsernameA,2025-04-11,12:57:47,-07:00,2025-04-11T12:57:47-07:00,0,0
style.css,102,css,96d7bd1d,AvailableUsernameA,2025-04-11,12:57:47,-07:00,2025-04-11T12:57:47-07:00,0,0
style.css,103,css,96d7bd1d,AvailableUsernameA,2025-04-11,12:57:47,-07:00,2025-04-11T12:57:47-07:00,0,3
style.css,104,css,96d7bd1d,AvailableUsernameA,2025-04-11,12:57:47,-07:00,2025-04-11T12:57:47-07:00,0,20
style.css,105,css,96d7bd1d,AvailableUsernameA,2025-04-11,12:57:47,-07:00,2025-04-11T12:57:47-07:00,0,0
style.css,106,css,96d7bd1d,AvailableUsernameA,2025-04-11,12:57:47,-07:00,2025-04-11T12:57:47-07:00,0,0
style.css,107,css,96d7bd1d,AvailableUsernameA,2025-04-11,12:57:47,-07:00,2025-04-11T12:57:47-07:00,0,23
style.css,108,css,96d7bd1d,AvailableUsernameA,2025-04-11,12:57:47,-07:00,2025-04-11T12:57:47-07:00,0,16
style.css,109,css,96d7bd1d,AvailableUsernameA,2025-04-11,12:57:47,-07:00,2025-04-11T12:57:47-07:00,0,18
style.css,110,css,108bcace,AvailableUsernameA,2025-04-17,22:59:06,-07:00,2025-04-17T22:59:06-07:00,0,0
style.css,111,css,108bcace,AvailableUsernameA,2025-04-17,22:59:06,-07:00,2025-04-17T22:59:06-07:00,0,0
style.css,112,css,108bcace,AvailableUsernameA,2025-04-17,22:59:06,-07:00,2025-04-17T22:59:06-07:00,0,19
style.css,113,css,108bcace,AvailableUsernameA,2025-04-17,22:59:06,-07:00,2025-04-17T22:59:06-07:00,0,18
style.css,114,css,108bcace,AvailableUsernameA,2025-04-17,22:59:06,-07:00,2025-04-17T22:59:06-07:00,0,9
style.css,115,css,108bcace,AvailableUsernameA,2025-04-17,22:59:06,-07:00,2025-04-17T22:59:06-07:00,0,11
style.css,116,css,46d3da2e,AvailableUsernameA,2025-04-17,23:07:35,-07:00,2025-04-17T23:07:35-07:00,0,14
style.css,117,css,b0a9afcb,AvailableUsernameA,2025-04-17,23:16:41,-07:00,2025-04-17T23:16:41-07:00,0,95
style.css,118,css,b0a9afcb,AvailableUsernameA,2025-04-17,23:16:41,-07:00,2025-04-17T23:16:41-07:00,0,0
style.css,119,css,087ba04f,AvailableUsernameA,2025-04-18,12:42:35,-07:00,2025-04-18T12:42:35-07:00,0,13
style.css,120,css,dc848961,AvailableUsernameA,2025-04-18,12:48:55,-07:00,2025-04-18T12:48:55-07:00,0,13
style.css,121,css,edc2b126,AvailableUsernameA,2025-04-25,18:34:05,-07:00,2025-04-25T18:34:05-07:00,0,0
style.css,122,css,edc2b126,AvailableUsernameA,2025-04-25,18:34:05,-07:00,2025-04-25T18:34:05-07:00,0,0
style.css,123,css,edc2b126,AvailableUsernameA,2025-04-25,18:34:05,-07:00,2025-04-25T18:34:05-07:00,0,20
style.css,124,css,edc2b126,AvailableUsernameA,2025-04-25,18:34:05,-07:00,2025-04-25T18:34:05-07:00,0,13
style.css,125,css,edc2b126,AvailableUsernameA,2025-04-25,18:34:05,-07:00,2025-04-25T18:34:05-07:00,0,37
style.css,126,css,edc2b126,AvailableUsernameA,2025-04-25,18:34:05,-07:00,2025-04-25T18:34:05-07:00,0,9
style.css,127,css,edc2b126,AvailableUsernameA,2025-04-25,18:34:05,-07:00,2025-04-25T18:34:05-07:00,0,0
style.css,128,css,edc2b126,AvailableUsernameA,2025-04-25,18:34:05,-07:00,2025-04-25T18:34:05-07:00,0,0
style.css,129,css,edc2b126,AvailableUsernameA,2025-04-25,18:34:05,-07:00,2025-04-25T18:34:05-07:00,0,23
style.css,130,css,edc2b126,AvailableUsernameA,2025-04-25,18:34:05,-07:00,2025-04-25T18:34:05-07:00,0,11
style.css,131,css,edc2b126,AvailableUsernameA,2025-04-25,18:34:05,-07:00,2025-04-25T18:34:05-07:00,0,15
style.css,132,css,edc2b126,AvailableUsernameA,2025-04-25,18:34:05,-07:00,2025-04-25T18:34:05-07:00,0,29
style.css,133,css,edc2b126,AvailableUsernameA,2025-04-25,18:34:05,-07:00,2025-04-25T18:34:05-07:00,0,0
style.css,134,css,edc2b126,AvailableUsernameA,2025-04-25,18:34:05,-07:00,2025-04-25T18:34:05-07:00,0,0
style.css,135,css,edc2b126,AvailableUsernameA,2025-04-25,18:34:05,-07:00,2025-04-25T18:34:05-07:00,0,24
style.css,136,css,edc2b126,AvailableUsernameA,2025-04-25,18:34:05,-07:00,2025-04-25T18:34:05-07:00,0,11
style.css,137,css,edc2b126,AvailableUsernameA,2025-04-25,18:34:05,-07:00,2025-04-25T18:34:05-07:00,0,9
style.css,138,css,edc2b126,AvailableUsernameA,2025-04-25,18:34:05,-07:00,2025-04-25T18:34:05-07:00,0,15
style.css,139,css,edc2b126,AvailableUsernameA,2025-04-25,18:34:05,-07:00,2025-04-25T18:34:05-07:00,0,16
style.css,140,css,afa45a79,AvailableUsernameA,2025-05-02,20:58:30,-07:00,2025-05-02T20:58:30-07:00,0,0
style.css,141,css,afa45a79,AvailableUsernameA,2025-05-02,20:58:30,-07:00,2025-05-02T20:58:30-07:00,0,0
style.css,142,css,afa45a79,AvailableUsernameA,2025-05-02,20:58:30,-07:00,2025-05-02T20:58:30-07:00,0,19
style.css,143,css,afa45a79,AvailableUsernameA,2025-05-02,20:58:30,-07:00,2025-05-02T20:58:30-07:00,0,24
style.css,144,css,afa45a79,AvailableUsernameA,2025-05-02,20:58:30,-07:00,2025-05-02T20:58:30-07:00,0,35
style.css,145,css,afa45a79,AvailableUsernameA,2025-05-02,20:58:30,-07:00,2025-05-02T20:58:30-07:00,0,11
style.css,146,css,afa45a79,AvailableUsernameA,2025-05-02,20:58:30,-07:00,2025-05-02T20:58:30-07:00,0,16
style.css,147,css,afa45a79,AvailableUsernameA,2025-05-02,20:58:30,-07:00,2025-05-02T20:58:30-07:00,0,0
style.css,148,css,afa45a79,AvailableUsernameA,2025-05-02,20:58:30,-07:00,2025-05-02T20:58:30-07:00,0,0
style.css,149,css,afa45a79,AvailableUsernameA,2025-05-02,20:58:30,-07:00,2025-05-02T20:58:30-07:00,0,15
style.css,150,css,afa45a79,AvailableUsernameA,2025-05-02,20:58:30,-07:00,2025-05-02T20:58:30-07:00,0,15
style.css,151,css,afa45a79,AvailableUsernameA,2025-05-02,20:58:30,-07:00,2025-05-02T20:58:30-07:00,0,17
style.css,152,css,afa45a79,AvailableUsernameA,2025-05-02,20:58:30,-07:00,2025-05-02T20:58:30-07:00,0,0
style.css,153,css,afa45a79,AvailableUsernameA,2025-05-02,20:58:30,-07:00,2025-05-02T20:58:30-07:00,0,17
style.css,154,css,afa45a79,AvailableUsernameA,2025-05-02,20:58:30,-07:00,2025-05-02T20:58:30-07:00,0,0
style.css,155,css,afa45a79,AvailableUsernameA,2025-05-02,20:58:30,-07:00,2025-05-02T20:58:30-07:00,0,0
style.css,156,css,afa45a79,AvailableUsernameA,2025-05-02,20:58:30,-07:00,2025-05-02T20:58:30-07:00,0,11
style.css,157,css,afa45a79,AvailableUsernameA,2025-05-02,20:58:30,-07:00,2025-05-02T20:58:30-07:00,0,10
style.css,158,css,afa45a79,AvailableUsernameA,2025-05-02,20:58:30,-07:00,2025-05-02T20:58:30-07:00,0,19
style.css,159,css,afa45a79,AvailableUsernameA,2025-05-02,20:58:30,-07:00,2025-05-02T20:58:30-07:00,0,30
style.css,160,css,afa45a79,AvailableUsernameA,2025-05-02,20:58:30,-07:00,2025-05-02T20:58:30-07:00,0,21
style.css,161,css,afa45a79,AvailableUsernameA,2025-05-02,20:58:30,-07:00,2025-05-02T20:58:30-07:00,0,30
style.css,162,css,afa45a79,AvailableUsernameA,2025-05-02,20:58:30,-07:00,2025-05-02T20:58:30-07:00,0,0
style.css,163,css,afa45a79,AvailableUsernameA,2025-05-02,20:58:30,-07:00,2025-05-02T20:58:30-07:00,0,0
style.css,164,css,afa45a79,AvailableUsernameA,2025-05-02,20:58:30,-07:00,2025-05-02T20:58:30-07:00,0,8
style.css,165,css,afa45a79,AvailableUsernameA,2025-05-02,20:58:30,-07:00,2025-05-02T20:58:30-07:00,0,13
style.css,166,css,afa45a79,AvailableUsernameA,2025-05-02,20:58:30,-07:00,2025-05-02T20:58:30-07:00,0,58
style.css,167,css,afa45a79,AvailableUsernameA,2025-05-02,20:58:30,-07:00,2025-05-02T20:58:30-07:00,0,12
style.css,168,css,afa45a79,AvailableUsernameA,2025-05-02,20:58:30,-07:00,2025-05-02T20:58:30-07:00,0,11
style.css,169,css,afa45a79,AvailableUsernameA,2025-05-02,20:58:30,-07:00,2025-05-02T20:58:30-07:00,0,42
style.css,170,css,afa45a79,AvailableUsernameA,2025-05-02,20:58:30,-07:00,2025-05-02T20:58:30-07:00,0,6
style.css,171,css,afa45a79,AvailableUsernameA,2025-05-02,20:58:30,-07:00,2025-05-02T20:58:30-07:00,0,0
style.css,172,css,afa45a79,AvailableUsernameA,2025-05-02,20:58:30,-07:00,2025-05-02T20:58:30-07:00,0,0
style.css,173,css,afa45a79,AvailableUsernameA,2025-05-02,20:58:30,-07:00,2025-05-02T20:58:30-07:00,0,11
style.css,174,css,afa45a79,AvailableUsernameA,2025-05-02,20:58:30,-07:00,2025-05-02T20:58:30-07:00,0,13
style.css,175,css,afa45a79,AvailableUsernameA,2025-05-02,20:58:30,-07:00,2025-05-02T20:58:30-07:00,0,19
style.css,176,css,afa45a79,AvailableUsernameA,2025-05-02,20:58:30,-07:00,2025-05-02T20:58:30-07:00,0,10
style.css,177,css,afa45a79,AvailableUsernameA,2025-05-02,20:58:30,-07:00,2025-05-02T20:58:30-07:00,0,0
style.css,178,css,afa45a79,AvailableUsernameA,2025-05-02,20:58:30,-07:00,2025-05-02T20:58:30-07:00,0,0
style.css,179,css,afa45a79,AvailableUsernameA,2025-05-02,20:58:30,-07:00,2025-05-02T20:58:30-07:00,0,14
style.css,180,css,afa45a79,AvailableUsernameA,2025-05-02,20:58:30,-07:00,2025-05-02T20:58:30-07:00,0,13
style.css,181,css,afa45a79,AvailableUsernameA,2025-05-02,20:58:30,-07:00,2025-05-02T20:58:30-07:00,0,0
style.css,182,css,afa45a79,AvailableUsernameA,2025-05-02,20:58:30,-07:00,2025-05-02T20:58:30-07:00,0,0
style.css,183,css,afa45a79,AvailableUsernameA,2025-05-02,20:58:30,-07:00,2025-05-02T20:58:30-07:00,0,18
style.css,184,css,afa45a79,AvailableUsernameA,2025-05-02,20:58:30,-07:00,2025-05-02T20:58:30-07:00,0,17
style.css,185,css,afa45a79,AvailableUsernameA,2025-05-02,20:58:30,-07:00,2025-05-02T20:58:30-07:00,0,12
style.css,186,css,afa45a79,AvailableUsernameA,2025-05-02,20:58:30,-07:00,2025-05-02T20:58:30-07:00,0,0
style.css,187,css,afa45a79,AvailableUsernameA,2025-05-02,20:58:30,-07:00,2025-05-02T20:58:30-07:00,0,0
style.css,188,css,afa45a79,AvailableUsernameA,2025-05-02,20:58:30,-07:00,2025-05-02T20:58:30-07:00,0,0
style.css,189,css,afa45a79,AvailableUsernameA,2025-05-02,20:58:30,-07:00,2025-05-02T20:58:30-07:00,0,5
style.css,190,css,afa45a79,AvailableUsernameA,2025-05-02,20:58:30,-07:00,2025-05-02T20:58:30-07:00,0,17
style.css,191,css,afa45a79,AvailableUsernameA,2025-05-02,20:58:30,-07:00,2025-05-02T20:58:30-07:00,0,0
style.css,192,css,afa45a79,AvailableUsernameA,2025-05-02,20:58:30,-07:00,2025-05-02T20:58:30-07:00,0,0
style.css,193,css,afa45a79,AvailableUsernameA,2025-05-02,20:58:30,-07:00,2025-05-02T20:58:30-07:00,0,10
style.css,194,css,afa45a79,AvailableUsernameA,2025-05-02,20:58:30,-07:00,2025-05-02T20:58:30-07:00,0,42
style.css,195,css,afa45a79,AvailableUsernameA,2025-05-02,20:58:30,-07:00,2025-05-02T20:58:30-07:00,0,44
style.css,196,css,afa45a79,AvailableUsernameA,2025-05-02,20:58:30,-07:00,2025-05-02T20:58:30-07:00,0,0
style.css,197,css,afa45a79,AvailableUsernameA,2025-05-02,20:58:30,-07:00,2025-05-02T20:58:30-07:00,0,11
style.css,198,css,afa45a79,AvailableUsernameA,2025-05-02,20:58:30,-07:00,2025-05-02T20:58:30-07:00,0,18
style.css,199,css,afa45a79,AvailableUsernameA,2025-05-02,20:58:30,-07:00,2025-05-02T20:58:30-07:00,0,0
style.css,200,css,afa45a79,AvailableUsernameA,2025-05-02,20:58:30,-07:00,2025-05-02T20:58:30-07:00,0,0
style.css,201,css,afa45a79,AvailableUsernameA,2025-05-02,20:58:30,-07:00,2025-05-02T20:58:30-07:00,0,0
style.css,202,css,afa45a79,AvailableUsernameA,2025-05-02,20:58:30,-07:00,2025-05-02T20:58:30-07:00,0,5
style.css,203,css,afa45a79,AvailableUsernameA,2025-05-02,20:58:30,-07:00,2025-05-02T20:58:30-07:00,0,15
style.css,204,css,afa45a79,AvailableUsernameA,2025-05-02,20:58:30,-07:00,2025-05-02T20:58:30-07:00,0,0
style.css,205,css,afa45a79,AvailableUsernameA,2025-05-02,20:58:30,-07:00,2025-05-02T20:58:30-07:00,0,0
style.css,206,css,afa45a79,AvailableUsernameA,2025-05-02,20:58:30,-07:00,2025-05-02T20:58:30-07:00,0,11
style.css,207,css,afa45a79,AvailableUsernameA,2025-05-02,20:58:30,-07:00,2025-05-02T20:58:30-07:00,0,11
style.css,208,css,afa45a79,AvailableUsernameA,2025-05-02,20:58:30,-07:00,2025-05-02T20:58:30-07:00,0,15
style.css,209,css,afa45a79,AvailableUsernameA,2025-05-02,20:58:30,-07:00,2025-05-02T20:58:30-07:00,0,14
style.css,210,css,afa45a79,AvailableUsernameA,2025-05-02,20:58:30,-07:00,2025-05-02T20:58:30-07:00,0,15
style.css,211,css,afa45a79,AvailableUsernameA,2025-05-02,20:58:30,-07:00,2025-05-02T20:58:30-07:00,0,18
style.css,212,css,b0a9afcb,AvailableUsernameA,2025-04-17,23:16:41,-07:00,2025-04-17T23:16:41-07:00,0,0
index.js,1,js,edc2b126,AvailableUsernameA,2025-04-25,18:34:05,-07:00,2025-04-25T18:34:05-07:00,0,75
index.js,2,js,edc2b126,AvailableUsernameA,2025-04-25,18:34:05,-07:00,2025-04-25T18:34:05-07:00,0,72
index.js,3,js,edc2b126,AvailableUsernameA,2025-04-25,18:34:05,-07:00,2025-04-25T18:34:05-07:00,0,0
index.js,4,js,edc2b126,AvailableUsernameA,2025-04-25,18:34:05,-07:00,2025-04-25T18:34:05-07:00,0,55
index.js,5,js,edc2b126,AvailableUsernameA,2025-04-25,18:34:05,-07:00,2025-04-25T18:34:05-07:00,0,43
index.js,6,js,edc2b126,AvailableUsernameA,2025-04-25,18:34:05,-07:00,2025-04-25T18:34:05-07:00,0,0
index.js,7,js,edc2b126,AvailableUsernameA,2025-04-25,18:34:05,-07:00,2025-04-25T18:34:05-07:00,0,61
index.js,8,js,edc2b126,AvailableUsernameA,2025-04-25,18:34:05,-07:00,2025-04-25T18:34:05-07:00,0,55
index.js,9,js,edc2b126,AvailableUsernameA,2025-04-25,18:34:05,-07:00,2025-04-25T18:34:05-07:00,0,0
index.js,10,js,edc2b126,AvailableUsernameA,2025-04-25,18:34:05,-07:00,2025-04-25T18:34:05-07:00,0,62
index.js,11,js,edc2b126,AvailableUsernameA,2025-04-25,18:34:05,-07:00,2025-04-25T18:34:05-07:00,0,0
index.js,12,js,edc2b126,AvailableUsernameA,2025-04-25,18:34:05,-07:00,2025-04-25T18:34:05-07:00,0,61
index.js,13,js,edc2b126,AvailableUsernameA,2025-04-25,18:34:05,-07:00,2025-04-25T18:34:05-07:00,0,0
index.js,14,js,edc2b126,AvailableUsernameA,2025-04-25,18:34:05,-07:00,2025-04-25T18:34:05-07:00,0,18
index.js,15,js,edc2b126,AvailableUsernameA,2025-04-25,18:34:05,-07:00,2025-04-25T18:34:05-07:00,0,25
index.js,16,js,edc2b126,AvailableUsernameA,2025-04-25,18:34:05,-07:00,2025-04-25T18:34:05-07:00,0,3
index.js,17,js,edc2b126,AvailableUsernameA,2025-04-25,18:34:05,-07:00,2025-04-25T18:34:05-07:00,0,56
index.js,18,js,edc2b126,AvailableUsernameA,2025-04-25,18:34:05,-07:00,2025-04-25T18:34:05-07:00,0,56
index.js,19,js,edc2b126,AvailableUsernameA,2025-04-25,18:34:05,-07:00,2025-04-25T18:34:05-07:00,0,50
index.js,20,js,edc2b126,AvailableUsernameA,2025-04-25,18:34:05,-07:00,2025-04-25T18:34:05-07:00,0,50
index.js,21,js,edc2b126,AvailableUsernameA,2025-04-25,18:34:05,-07:00,2025-04-25T18:34:05-07:00,0,42
index.js,22,js,edc2b126,AvailableUsernameA,2025-04-25,18:34:05,-07:00,2025-04-25T18:34:05-07:00,0,4
index.js,23,js,edc2b126,AvailableUsernameA,2025-04-25,18:34:05,-07:00,2025-04-25T18:34:05-07:00,0,1
index.js,24,js,edc2b126,AvailableUsernameA,2025-04-25,18:34:05,-07:00,2025-04-25T18:34:05-07:00,0,0
index.html,1,html,6f283816,AvailableUsernameA,2025-04-03,14:55:14,-07:00,2025-04-03T14:55:14-07:00,0,14
index.html,2,html,6f283816,AvailableUsernameA,2025-04-03,14:55:14,-07:00,2025-04-03T14:55:14-07:00,0,15
index.html,3,html,6f283816,AvailableUsernameA,2025-04-03,14:55:14,-07:00,2025-04-03T14:55:14-07:00,0,5
index.html,4,html,6f283816,AvailableUsernameA,2025-04-03,14:55:14,-07:00,2025-04-03T14:55:14-07:00,0,21
index.html,5,html,6f283816,AvailableUsernameA,2025-04-03,14:55:14,-07:00,2025-04-03T14:55:14-07:00,0,69
index.html,6,html,6f283816,AvailableUsernameA,2025-04-03,14:55:14,-07:00,2025-04-03T14:55:14-07:00,0,55
index.html,7,html,23187049,AvailableUsernameA,2025-04-03,15:25:21,-07:00,2025-04-03T15:25:21-07:00,0,39
index.html,8,html,6f283816,AvailableUsernameA,2025-04-03,14:55:14,-07:00,2025-04-03T14:55:14-07:00,0,6
index.html,9,html,6f283816,AvailableUsernameA,2025-04-03,14:55:14,-07:00,2025-04-03T14:55:14-07:00,0,5
index.html,10,html,6ee671e9,AvailableUsernameA,2025-04-17,14:18:39,-07:00,2025-04-17T14:18:39-07:00,0,46
index.html,11,html,edc2b126,AvailableUsernameA,2025-04-25,18:34:05,-07:00,2025-04-25T18:34:05-07:00,0,51
index.html,12,html,ff6dd441,AvailableUsernameA,2025-04-17,15:11:09,-07:00,2025-04-17T15:11:09-07:00,0,9
index.html,13,html,96d7bd1d,AvailableUsernameA,2025-04-11,12:57:47,-07:00,2025-04-11T12:57:47-07:00,0,17
index.html,14,html,3d74f25b,AvailableUsernameA,2025-04-17,14:55:24,-07:00,2025-04-17T14:55:24-07:00,0,37
index.html,15,html,96d7bd1d,AvailableUsernameA,2025-04-11,12:57:47,-07:00,2025-04-11T12:57:47-07:00,0,48
index.html,16,html,96d7bd1d,AvailableUsernameA,2025-04-11,12:57:47,-07:00,2025-04-11T12:57:47-07:00,0,50
index.html,17,html,96d7bd1d,AvailableUsernameA,2025-04-11,12:57:47,-07:00,2025-04-11T12:57:47-07:00,0,83
index.html,18,html,96d7bd1d,AvailableUsernameA,2025-04-11,12:57:47,-07:00,2025-04-11T12:57:47-07:00,0,32
index.html,19,html,96d7bd1d,AvailableUsernameA,2025-04-11,12:57:47,-07:00,2025-04-11T12:57:47-07:00,0,4
index.html,20,html,ff6dd441,AvailableUsernameA,2025-04-17,15:11:09,-07:00,2025-04-17T15:11:09-07:00,0,9
index.html,21,html,6f283816,AvailableUsernameA,2025-04-03,14:55:14,-07:00,2025-04-03T14:55:14-07:00,0,20
index.html,22,html,7f199c1e,AvailableUsernameA,2025-04-03,15:05:08,-07:00,2025-04-03T15:05:08-07:00,0,125
index.html,23,html,7f199c1e,AvailableUsernameA,2025-04-03,15:05:08,-07:00,2025-04-03T15:05:08-07:00,0,85
index.html,24,html,7f199c1e,AvailableUsernameA,2025-04-03,15:05:08,-07:00,2025-04-03T15:05:08-07:00,0,3
index.html,25,html,7f199c1e,AvailableUsernameA,2025-04-03,15:05:08,-07:00,2025-04-03T15:05:08-07:00,0,67
index.html,26,html,edc2b126,AvailableUsernameA,2025-04-25,18:34:05,-07:00,2025-04-25T18:34:05-07:00,0,0
index.html,27,html,edc2b126,AvailableUsernameA,2025-04-25,18:34:05,-07:00,2025-04-25T18:34:05-07:00,0,23
index.html,28,html,edc2b126,AvailableUsernameA,2025-04-25,18:34:05,-07:00,2025-04-25T18:34:05-07:00,0,27
index.html,29,html,edc2b126,AvailableUsernameA,2025-04-25,18:34:05,-07:00,2025-04-25T18:34:05-07:00,0,0
index.html,30,html,edc2b126,AvailableUsernameA,2025-04-25,18:34:05,-07:00,2025-04-25T18:34:05-07:00,0,20
index.html,31,html,edc2b126,AvailableUsernameA,2025-04-25,18:34:05,-07:00,2025-04-25T18:34:05-07:00,0,29
index.html,32,html,6f283816,AvailableUsernameA,2025-04-03,14:55:14,-07:00,2025-04-03T14:55:14-07:00,0,6
index.html,33,html,6f283816,AvailableUsernameA,2025-04-03,14:55:14,-07:00,2025-04-03T14:55:14-07:00,0,6
global.js,1,js,6ee671e9,AvailableUsernameA,2025-04-17,14:18:39,-07:00,2025-04-17T14:18:39-07:00,0,26
global.js,2,js,6ee671e9,AvailableUsernameA,2025-04-17,14:18:39,-07:00,2025-04-17T14:18:39-07:00,0,0
global.js,3,js,6ee671e9,AvailableUsernameA,2025-04-17,14:18:39,-07:00,2025-04-17T14:18:39-07:00,0,42
global.js,4,js,6ee671e9,AvailableUsernameA,2025-04-17,14:18:39,-07:00,2025-04-17T14:18:39-07:00,0,53
global.js,5,js,3d74f25b,AvailableUsernameA,2025-04-17,14:55:24,-07:00,2025-04-17T14:55:24-07:00,0,0
global.js,6,js,3d74f25b,AvailableUsernameA,2025-04-17,14:55:24,-07:00,2025-04-17T14:55:24-07:00,0,0
global.js,7,js,ff6dd441,AvailableUsernameA,2025-04-17,15:11:09,-07:00,2025-04-17T15:11:09-07:00,0,12
global.js,8,js,ff6dd441,AvailableUsernameA,2025-04-17,15:11:09,-07:00,2025-04-17T15:11:09-07:00,0,26
global.js,9,js,ff6dd441,AvailableUsernameA,2025-04-17,15:11:09,-07:00,2025-04-17T15:11:09-07:00,0,39
global.js,10,js,ff6dd441,AvailableUsernameA,2025-04-17,15:11:09,-07:00,2025-04-17T15:11:09-07:00,0,36
global.js,11,js,ff6dd441,AvailableUsernameA,2025-04-17,15:11:09,-07:00,2025-04-17T15:11:09-07:00,0,30
global.js,12,js,00000000,Not Committed Yet,2025-05-07,15:38:21,-07:00,2025-05-07T15:38:21-07:00,0,30
global.js,13,js,ff6dd441,AvailableUsernameA,2025-04-17,15:11:09,-07:00,2025-04-17T15:11:09-07:00,0,63
global.js,14,js,ff6dd441,AvailableUsernameA,2025-04-17,15:11:09,-07:00,2025-04-17T15:11:09-07:00,0,1
global.js,15,js,ff6dd441,AvailableUsernameA,2025-04-17,15:11:09,-07:00,2025-04-17T15:11:09-07:00,0,0
global.js,16,js,ff6dd441,AvailableUsernameA,2025-04-17,15:11:09,-07:00,2025-04-17T15:11:09-07:00,0,39
global.js,17,js,ff6dd441,AvailableUsernameA,2025-04-17,15:11:09,-07:00,2025-04-17T15:11:09-07:00,0,26
global.js,18,js,ff6dd441,AvailableUsernameA,2025-04-17,15:11:09,-07:00,2025-04-17T15:11:09-07:00,0,0
global.js,19,js,f5eccbdf,AvailableUsernameA,2025-04-17,15:16:02,-07:00,2025-04-17T15:16:02-07:00,0,89
global.js,20,js,f5eccbdf,AvailableUsernameA,2025-04-17,15:16:02,-07:00,2025-04-17T15:16:02-07:00,0,37
global.js,21,js,1edfd107,AvailableUsernameA,2025-04-17,15:32:18,-07:00,2025-04-17T15:32:18-07:00,0,52
global.js,22,js,f5eccbdf,AvailableUsernameA,2025-04-17,15:16:02,-07:00,2025-04-17T15:16:02-07:00,0,0
global.js,23,js,ff6dd441,AvailableUsernameA,2025-04-17,15:11:09,-07:00,2025-04-17T15:11:09-07:00,0,21
global.js,24,js,ff6dd441,AvailableUsernameA,2025-04-17,15:11:09,-07:00,2025-04-17T15:11:09-07:00,0,15
global.js,25,js,ff6dd441,AvailableUsernameA,2025-04-17,15:11:09,-07:00,2025-04-17T15:11:09-07:00,0,19
global.js,26,js,f5eccbdf,AvailableUsernameA,2025-04-17,15:16:02,-07:00,2025-04-17T15:16:02-07:00,0,53
global.js,27,js,ff6dd441,AvailableUsernameA,2025-04-17,15:11:09,-07:00,2025-04-17T15:11:09-07:00,0,42
global.js,28,js,961ae4b6,AvailableUsernameA,2025-04-17,15:38:54,-07:00,2025-04-17T15:38:54-07:00,0,71
global.js,29,js,961ae4b6,AvailableUsernameA,2025-04-17,15:38:54,-07:00,2025-04-17T15:38:54-07:00,0,35
global.js,30,js,961ae4b6,AvailableUsernameA,2025-04-17,15:38:54,-07:00,2025-04-17T15:38:54-07:00,0,12
global.js,31,js,961ae4b6,AvailableUsernameA,2025-04-17,15:38:54,-07:00,2025-04-17T15:38:54-07:00,0,21
global.js,32,js,633041b3,AvailableUsernameA,2025-04-17,15:51:16,-07:00,2025-04-17T15:51:16-07:00,0,66
global.js,33,js,633041b3,AvailableUsernameA,2025-04-17,15:51:16,-07:00,2025-04-17T15:51:16-07:00,0,26
global.js,34,js,633041b3,AvailableUsernameA,2025-04-17,15:51:16,-07:00,2025-04-17T15:51:16-07:00,0,0
global.js,35,js,633041b3,AvailableUsernameA,2025-04-17,15:51:16,-07:00,2025-04-17T15:51:16-07:00,0,30
global.js,36,js,633041b3,AvailableUsernameA,2025-04-17,15:51:16,-07:00,2025-04-17T15:51:16-07:00,0,19
global.js,37,js,633041b3,AvailableUsernameA,2025-04-17,15:51:16,-07:00,2025-04-17T15:51:16-07:00,0,0
global.js,38,js,961ae4b6,AvailableUsernameA,2025-04-17,15:38:54,-07:00,2025-04-17T15:38:54-07:00,0,13
global.js,39,js,1edfd107,AvailableUsernameA,2025-04-17,15:32:18,-07:00,2025-04-17T15:32:18-07:00,0,0
global.js,40,js,f5eccbdf,AvailableUsernameA,2025-04-17,15:16:02,-07:00,2025-04-17T15:16:02-07:00,0,0
global.js,41,js,47e2c3c5,AvailableUsernameA,2025-04-17,22:51:23,-07:00,2025-04-17T22:51:23-07:00,0,32
global.js,42,js,47e2c3c5,AvailableUsernameA,2025-04-17,22:51:23,-07:00,2025-04-17T22:51:23-07:00,0,12
global.js,43,js,47e2c3c5,AvailableUsernameA,2025-04-17,22:51:23,-07:00,2025-04-17T22:51:23-07:00,0,0
global.js,44,js,47e2c3c5,AvailableUsernameA,2025-04-17,22:51:23,-07:00,2025-04-17T22:51:23-07:00,0,27
global.js,45,js,47e2c3c5,AvailableUsernameA,2025-04-17,22:51:23,-07:00,2025-04-17T22:51:23-07:00,0,5
global.js,46,js,e86cb13e,AvailableUsernameA,2025-04-18,11:25:12,-07:00,2025-04-18T11:25:12-07:00,0,22
global.js,47,js,47e2c3c5,AvailableUsernameA,2025-04-17,22:51:23,-07:00,2025-04-17T22:51:23-07:00,0,44
global.js,48,js,47e2c3c5,AvailableUsernameA,2025-04-17,22:51:23,-07:00,2025-04-17T22:51:23-07:00,0,35
global.js,49,js,47e2c3c5,AvailableUsernameA,2025-04-17,22:51:23,-07:00,2025-04-17T22:51:23-07:00,0,33
global.js,50,js,47e2c3c5,AvailableUsernameA,2025-04-17,22:51:23,-07:00,2025-04-17T22:51:23-07:00,0,8
global.js,51,js,47e2c3c5,AvailableUsernameA,2025-04-17,22:51:23,-07:00,2025-04-17T22:51:23-07:00,0,9
global.js,52,js,46d3da2e,AvailableUsernameA,2025-04-17,23:07:35,-07:00,2025-04-17T23:07:35-07:00,0,1
global.js,53,js,e86cb13e,AvailableUsernameA,2025-04-18,11:25:12,-07:00,2025-04-18T11:25:12-07:00,0,55
global.js,54,js,e86cb13e,AvailableUsernameA,2025-04-18,11:25:12,-07:00,2025-04-18T11:25:12-07:00,0,0
global.js,55,js,e8ed4639,AvailableUsernameA,2025-04-18,12:01:20,-07:00,2025-04-18T12:01:20-07:00,0,35
global.js,56,js,e8ed4639,AvailableUsernameA,2025-04-18,12:01:20,-07:00,2025-04-18T12:01:20-07:00,0,39
global.js,57,js,e8ed4639,AvailableUsernameA,2025-04-18,12:01:20,-07:00,2025-04-18T12:01:20-07:00,0,84
global.js,58,js,e8ed4639,AvailableUsernameA,2025-04-18,12:01:20,-07:00,2025-04-18T12:01:20-07:00,0,0
global.js,59,js,e8ed4639,AvailableUsernameA,2025-04-18,12:01:20,-07:00,2025-04-18T12:01:20-07:00,0,0
global.js,60,js,46d3da2e,AvailableUsernameA,2025-04-17,23:07:35,-07:00,2025-04-17T23:07:35-07:00,0,50
global.js,61,js,46d3da2e,AvailableUsernameA,2025-04-17,23:07:35,-07:00,2025-04-17T23:07:35-07:00,0,58
global.js,62,js,e8ed4639,AvailableUsernameA,2025-04-18,12:01:20,-07:00,2025-04-18T12:01:20-07:00,0,78
global.js,63,js,e8ed4639,AvailableUsernameA,2025-04-18,12:01:20,-07:00,2025-04-18T12:01:20-07:00,0,45
global.js,64,js,a0221e1c,AvailableUsernameA,2025-04-18,12:32:59,-07:00,2025-04-18T12:32:59-07:00,0,2
global.js,65,js,a0221e1c,AvailableUsernameA,2025-04-18,12:32:59,-07:00,2025-04-18T12:32:59-07:00,0,0
global.js,66,js,a0221e1c,AvailableUsernameA,2025-04-18,12:32:59,-07:00,2025-04-18T12:32:59-07:00,0,79
global.js,67,js,a0221e1c,AvailableUsernameA,2025-04-18,12:32:59,-07:00,2025-04-18T12:32:59-07:00,0,55
global.js,68,js,a0221e1c,AvailableUsernameA,2025-04-18,12:32:59,-07:00,2025-04-18T12:32:59-07:00,0,22
global.js,69,js,a0221e1c,AvailableUsernameA,2025-04-18,12:32:59,-07:00,2025-04-18T12:32:59-07:00,0,34
global.js,70,js,a0221e1c,AvailableUsernameA,2025-04-18,12:32:59,-07:00,2025-04-18T12:32:59-07:00,0,35
global.js,71,js,a0221e1c,AvailableUsernameA,2025-04-18,12:32:59,-07:00,2025-04-18T12:32:59-07:00,0,32
global.js,72,js,a0221e1c,AvailableUsernameA,2025-04-18,12:32:59,-07:00,2025-04-18T12:32:59-07:00,0,32
global.js,73,js,a0221e1c,AvailableUsernameA,2025-04-18,12:32:59,-07:00,2025-04-18T12:32:59-07:00,0,58
global.js,74,js,a0221e1c,AvailableUsernameA,2025-04-18,12:32:59,-07:00,2025-04-18T12:32:59-07:00,0,24
global.js,75,js,a0221e1c,AvailableUsernameA,2025-04-18,12:32:59,-07:00,2025-04-18T12:32:59-07:00,0,0
global.js,76,js,a0221e1c,AvailableUsernameA,2025-04-18,12:32:59,-07:00,2025-04-18T12:32:59-07:00,0,32
global.js,77,js,a0221e1c,AvailableUsernameA,2025-04-18,12:32:59,-07:00,2025-04-18T12:32:59-07:00,0,21
global.js,78,js,a0221e1c,AvailableUsernameA,2025-04-18,12:32:59,-07:00,2025-04-18T12:32:59-07:00,0,24
global.js,79,js,edc2b126,AvailableUsernameA,2025-04-25,18:34:05,-07:00,2025-04-25T18:34:05-07:00,0,1
global.js,80,js,edc2b126,AvailableUsernameA,2025-04-25,18:34:05,-07:00,2025-04-25T18:34:05-07:00,0,0
global.js,81,js,edc2b126,AvailableUsernameA,2025-04-25,18:34:05,-07:00,2025-04-25T18:34:05-07:00,0,37
global.js,82,js,edc2b126,AvailableUsernameA,2025-04-25,18:34:05,-07:00,2025-04-25T18:34:05-07:00,0,4
global.js,83,js,edc2b126,AvailableUsernameA,2025-04-25,18:34:05,-07:00,2025-04-25T18:34:05-07:00,0,40
global.js,84,js,edc2b126,AvailableUsernameA,2025-04-25,18:34:05,-07:00,2025-04-25T18:34:05-07:00,0,33
global.js,85,js,edc2b126,AvailableUsernameA,2025-04-25,18:34:05,-07:00,2025-04-25T18:34:05-07:00,0,18
global.js,86,js,edc2b126,AvailableUsernameA,2025-04-25,18:34:05,-07:00,2025-04-25T18:34:05-07:00,0,67
global.js,87,js,edc2b126,AvailableUsernameA,2025-04-25,18:34:05,-07:00,2025-04-25T18:34:05-07:00,0,0
global.js,88,js,edc2b126,AvailableUsernameA,2025-04-25,18:34:05,-07:00,2025-04-25T18:34:05-07:00,0,20
global.js,89,js,edc2b126,AvailableUsernameA,2025-04-25,18:34:05,-07:00,2025-04-25T18:34:05-07:00,0,34
global.js,90,js,edc2b126,AvailableUsernameA,2025-04-25,18:34:05,-07:00,2025-04-25T18:34:05-07:00,0,11
global.js,91,js,edc2b126,AvailableUsernameA,2025-04-25,18:34:05,-07:00,2025-04-25T18:34:05-07:00,0,16
global.js,92,js,edc2b126,AvailableUsernameA,2025-04-25,18:34:05,-07:00,2025-04-25T18:34:05-07:00,0,60
global.js,93,js,edc2b126,AvailableUsernameA,2025-04-25,18:34:05,-07:00,2025-04-25T18:34:05-07:00,0,0
global.js,94,js,edc2b126,AvailableUsernameA,2025-04-25,18:34:05,-07:00,2025-04-25T18:34:05-07:00,0,0
global.js,95,js,edc2b126,AvailableUsernameA,2025-04-25,18:34:05,-07:00,2025-04-25T18:34:05-07:00,0,0
global.js,96,js,edc2b126,AvailableUsernameA,2025-04-25,18:34:05,-07:00,2025-04-25T18:34:05-07:00,0,61
global.js,97,js,edc2b126,AvailableUsernameA,2025-04-25,18:34:05,-07:00,2025-04-25T18:34:05-07:00,0,62
global.js,98,js,edc2b126,AvailableUsernameA,2025-04-25,18:34:05,-07:00,2025-04-25T18:34:05-07:00,0,29
global.js,99,js,edc2b126,AvailableUsernameA,2025-04-25,18:34:05,-07:00,2025-04-25T18:34:05-07:00,0,36
global.js,100,js,edc2b126,AvailableUsernameA,2025-04-25,18:34:05,-07:00,2025-04-25T18:34:05-07:00,0,37
global.js,101,js,edc2b126,AvailableUsernameA,2025-04-25,18:34:05,-07:00,2025-04-25T18:34:05-07:00,0,56
global.js,102,js,edc2b126,AvailableUsernameA,2025-04-25,18:34:05,-07:00,2025-04-25T18:34:05-07:00,0,27
global.js,103,js,edc2b126,AvailableUsernameA,2025-04-25,18:34:05,-07:00,2025-04-25T18:34:05-07:00,0,31
global.js,104,js,edc2b126,AvailableUsernameA,2025-04-25,18:34:05,-07:00,2025-04-25T18:34:05-07:00,0,57
global.js,105,js,edc2b126,AvailableUsernameA,2025-04-25,18:34:05,-07:00,2025-04-25T18:34:05-07:00,0,35
global.js,106,js,edc2b126,AvailableUsernameA,2025-04-25,18:34:05,-07:00,2025-04-25T18:34:05-07:00,0,4
global.js,107,js,edc2b126,AvailableUsernameA,2025-04-25,18:34:05,-07:00,2025-04-25T18:34:05-07:00,0,44
global.js,108,js,edc2b126,AvailableUsernameA,2025-04-25,18:34:05,-07:00,2025-04-25T18:34:05-07:00,0,5
global.js,109,js,edc2b126,AvailableUsernameA,2025-04-25,18:34:05,-07:00,2025-04-25T18:34:05-07:00,0,3
global.js,110,js,edc2b126,AvailableUsernameA,2025-04-25,18:34:05,-07:00,2025-04-25T18:34:05-07:00,0,0
global.js,111,js,edc2b126,AvailableUsernameA,2025-04-25,18:34:05,-07:00,2025-04-25T18:34:05-07:00,0,80
global.js,112,js,edc2b126,AvailableUsernameA,2025-04-25,18:34:05,-07:00,2025-04-25T18:34:05-07:00,0,84
global.js,113,js,afa45a79,AvailableUsernameA,2025-05-02,20:58:30,-07:00,2025-05-02T20:58:30-07:00,0,65
global.js,114,js,afa45a79,AvailableUsernameA,2025-05-02,20:58:30,-07:00,2025-05-02T20:58:30-07:00,0,27
global.js,115,js,afa45a79,AvailableUsernameA,2025-05-02,20:58:30,-07:00,2025-05-02T20:58:30-07:00,0,61
global.js,116,js,afa45a79,AvailableUsernameA,2025-05-02,20:58:30,-07:00,2025-05-02T20:58:30-07:00,0,3
global.js,117,js,edc2b126,AvailableUsernameA,2025-04-25,18:34:05,-07:00,2025-04-25T18:34:05-07:00,0,0
global.js,118,js,edc2b126,AvailableUsernameA,2025-04-25,18:34:05,-07:00,2025-04-25T18:34:05-07:00,0,31
global.js,119,js,edc2b126,AvailableUsernameA,2025-04-25,18:34:05,-07:00,2025-04-25T18:34:05-07:00,0,32
global.js,120,js,edc2b126,AvailableUsernameA,2025-04-25,18:34:05,-07:00,2025-04-25T18:34:05-07:00,0,49
global.js,121,js,edc2b126,AvailableUsernameA,2025-04-25,18:34:05,-07:00,2025-04-25T18:34:05-07:00,0,0
global.js,122,js,edc2b126,AvailableUsernameA,2025-04-25,18:34:05,-07:00,2025-04-25T18:34:05-07:00,0,52
global.js,123,js,edc2b126,AvailableUsernameA,2025-04-25,18:34:05,-07:00,2025-04-25T18:34:05-07:00,0,20
global.js,124,js,edc2b126,AvailableUsernameA,2025-04-25,18:34:05,-07:00,2025-04-25T18:34:05-07:00,0,50
global.js,125,js,edc2b126,AvailableUsernameA,2025-04-25,18:34:05,-07:00,2025-04-25T18:34:05-07:00,0,50
global.js,126,js,afa45a79,AvailableUsernameA,2025-05-02,20:58:30,-07:00,2025-05-02T20:58:30-07:00,0,4
global.js,127,js,edc2b126,AvailableUsernameA,2025-04-25,18:34:05,-07:00,2025-04-25T18:34:05-07:00,0,28
global.js,128,js,afa45a79,AvailableUsernameA,2025-05-02,20:58:30,-07:00,2025-05-02T20:58:30-07:00,0,53
global.js,129,js,afa45a79,AvailableUsernameA,2025-05-02,20:58:30,-07:00,2025-05-02T20:58:30-07:00,0,5
global.js,130,js,edc2b126,AvailableUsernameA,2025-04-25,18:34:05,-07:00,2025-04-25T18:34:05-07:00,0,1
global.js,131,js,edc2b126,AvailableUsernameA,2025-04-25,18:34:05,-07:00,2025-04-25T18:34:05-07:00,0,37
global.js,132,js,edc2b126,AvailableUsernameA,2025-04-25,18:34:05,-07:00,2025-04-25T18:34:05-07:00,0,0
global.js,133,js,edc2b126,AvailableUsernameA,2025-04-25,18:34:05,-07:00,2025-04-25T18:34:05-07:00,0,0
global.js,134,js,edc2b126,AvailableUsernameA,2025-04-25,18:34:05,-07:00,2025-04-25T18:34:05-07:00,0,0
global.js,135,js,edc2b126,AvailableUsernameA,2025-04-25,18:34:05,-07:00,2025-04-25T18:34:05-07:00,0,48
global.js,136,js,edc2b126,AvailableUsernameA,2025-04-25,18:34:05,-07:00,2025-04-25T18:34:05-07:00,0,23
global.js,137,js,edc2b126,AvailableUsernameA,2025-04-25,18:34:05,-07:00,2025-04-25T18:34:05-07:00,0,60
global.js,138,js,edc2b126,AvailableUsernameA,2025-04-25,18:34:05,-07:00,2025-04-25T18:34:05-07:00,0,0
CV.html,1,html,7a973663,AvailableUsernameA,2025-04-04,12:55:32,-07:00,2025-04-04T12:55:32-07:00,0,14
CV.html,2,html,7a973663,AvailableUsernameA,2025-04-04,12:55:32,-07:00,2025-04-04T12:55:32-07:00,0,15
CV.html,3,html,7a973663,AvailableUsernameA,2025-04-04,12:55:32,-07:00,2025-04-04T12:55:32-07:00,0,5
CV.html,4,html,7a973663,AvailableUsernameA,2025-04-04,12:55:32,-07:00,2025-04-04T12:55:32-07:00,0,21
CV.html,5,html,7a973663,AvailableUsernameA,2025-04-04,12:55:32,-07:00,2025-04-04T12:55:32-07:00,0,69
CV.html,6,html,7a973663,AvailableUsernameA,2025-04-04,12:55:32,-07:00,2025-04-04T12:55:32-07:00,0,16
CV.html,7,html,96d7bd1d,AvailableUsernameA,2025-04-11,12:57:47,-07:00,2025-04-11T12:57:47-07:00,0,39
CV.html,8,html,7a973663,AvailableUsernameA,2025-04-04,12:55:32,-07:00,2025-04-04T12:55:32-07:00,0,6
CV.html,9,html,7a973663,AvailableUsernameA,2025-04-04,12:55:32,-07:00,2025-04-04T12:55:32-07:00,0,5
CV.html,10,html,6ee671e9,AvailableUsernameA,2025-04-17,14:18:39,-07:00,2025-04-17T14:18:39-07:00,0,46
CV.html,11,html,7a973663,AvailableUsernameA,2025-04-04,12:55:32,-07:00,2025-04-04T12:55:32-07:00,0,7
CV.html,12,html,ff6dd441,AvailableUsernameA,2025-04-17,15:11:09,-07:00,2025-04-17T15:11:09-07:00,0,9
CV.html,13,html,96d7bd1d,AvailableUsernameA,2025-04-11,12:57:47,-07:00,2025-04-11T12:57:47-07:00,0,17
CV.html,14,html,7a973663,AvailableUsernameA,2025-04-04,12:55:32,-07:00,2025-04-04T12:55:32-07:00,0,37
CV.html,15,html,96d7bd1d,AvailableUsernameA,2025-04-11,12:57:47,-07:00,2025-04-11T12:57:47-07:00,0,48
CV.html,16,html,96d7bd1d,AvailableUsernameA,2025-04-11,12:57:47,-07:00,2025-04-11T12:57:47-07:00,0,50
CV.html,17,html,7a973663,AvailableUsernameA,2025-04-04,12:55:32,-07:00,2025-04-04T12:55:32-07:00,0,83
CV.html,18,html,3d74f25b,AvailableUsernameA,2025-04-17,14:55:24,-07:00,2025-04-17T14:55:24-07:00,0,32
CV.html,19,html,7a973663,AvailableUsernameA,2025-04-04,12:55:32,-07:00,2025-04-04T12:55:32-07:00,0,4
CV.html,20,html,ff6dd441,AvailableUsernameA,2025-04-17,15:11:09,-07:00,2025-04-17T15:11:09-07:00,0,9
CV.html,21,html,96d7bd1d,AvailableUsernameA,2025-04-11,12:57:47,-07:00,2025-04-11T12:57:47-07:00,0,20
CV.html,22,html,7a973663,AvailableUsernameA,2025-04-04,12:55:32,-07:00,2025-04-04T12:55:32-07:00,0,8
CV.html,23,html,7a973663,AvailableUsernameA,2025-04-04,12:55:32,-07:00,2025-04-04T12:55:32-07:00,0,0
CV.html,24,html,7a973663,AvailableUsernameA,2025-04-04,12:55:32,-07:00,2025-04-04T12:55:32-07:00,0,8
CV.html,25,html,7a973663,AvailableUsernameA,2025-04-04,12:55:32,-07:00,2025-04-04T12:55:32-07:00,0,7
CV.html,26,html,7a973663,AvailableUsernameA,2025-04-04,12:55:32,-07:00,2025-04-04T12:55:32-07:00,0,14
CV.html,27,html,7a973663,AvailableUsernameA,2025-04-04,12:55:32,-07:00,2025-04-04T12:55:32-07:00,0,8
CV.html,28,html,7a973663,AvailableUsernameA,2025-04-04,12:55:32,-07:00,2025-04-04T12:55:32-07:00,0,8
CV.html,29,html,7a973663,AvailableUsernameA,2025-04-04,12:55:32,-07:00,2025-04-04T12:55:32-07:00,0,90
CV.html,30,html,7a973663,AvailableUsernameA,2025-04-04,12:55:32,-07:00,2025-04-04T12:55:32-07:00,0,125
CV.html,31,html,7a973663,AvailableUsernameA,2025-04-04,12:55:32,-07:00,2025-04-04T12:55:32-07:00,0,9
CV.html,32,html,7a973663,AvailableUsernameA,2025-04-04,12:55:32,-07:00,2025-04-04T12:55:32-07:00,0,8
CV.html,33,html,7a973663,AvailableUsernameA,2025-04-04,12:55:32,-07:00,2025-04-04T12:55:32-07:00,0,83
CV.html,34,html,7a973663,AvailableUsernameA,2025-04-04,12:55:32,-07:00,2025-04-04T12:55:32-07:00,0,9
CV.html,35,html,7a973663,AvailableUsernameA,2025-04-04,12:55:32,-07:00,2025-04-04T12:55:32-07:00,0,9
CV.html,36,html,7a973663,AvailableUsernameA,2025-04-04,12:55:32,-07:00,2025-04-04T12:55:32-07:00,0,0
CV.html,37,html,7a973663,AvailableUsernameA,2025-04-04,12:55:32,-07:00,2025-04-04T12:55:32-07:00,0,8
CV.html,38,html,7a973663,AvailableUsernameA,2025-04-04,12:55:32,-07:00,2025-04-04T12:55:32-07:00,0,7
CV.html,39,html,7a973663,AvailableUsernameA,2025-04-04,12:55:32,-07:00,2025-04-04T12:55:32-07:00,0,16
CV.html,40,html,7a973663,AvailableUsernameA,2025-04-04,12:55:32,-07:00,2025-04-04T12:55:32-07:00,0,8
CV.html,41,html,7a973663,AvailableUsernameA,2025-04-04,12:55:32,-07:00,2025-04-04T12:55:32-07:00,0,8
CV.html,42,html,96d7bd1d,AvailableUsernameA,2025-04-11,12:57:47,-07:00,2025-04-11T12:57:47-07:00,0,121
CV.html,43,html,7a973663,AvailableUsernameA,2025-04-04,12:55:32,-07:00,2025-04-04T12:55:32-07:00,0,146
CV.html,44,html,7a973663,AvailableUsernameA,2025-04-04,12:55:32,-07:00,2025-04-04T12:55:32-07:00,0,9
CV.html,45,html,7a973663,AvailableUsernameA,2025-04-04,12:55:32,-07:00,2025-04-04T12:55:32-07:00,0,9
CV.html,46,html,7a973663,AvailableUsernameA,2025-04-04,12:55:32,-07:00,2025-04-04T12:55:32-07:00,0,0
CV.html,47,html,2948b921,AvailableUsernameA,2025-04-04,18:04:28,-07:00,2025-04-04T18:04:28-07:00,0,8
CV.html,48,html,2948b921,AvailableUsernameA,2025-04-04,18:04:28,-07:00,2025-04-04T18:04:28-07:00,0,7
CV.html,49,html,2948b921,AvailableUsernameA,2025-04-04,18:04:28,-07:00,2025-04-04T18:04:28-07:00,0,27
CV.html,50,html,2948b921,AvailableUsernameA,2025-04-04,18:04:28,-07:00,2025-04-04T18:04:28-07:00,0,3
CV.html,51,html,2948b921,AvailableUsernameA,2025-04-04,18:04:28,-07:00,2025-04-04T18:04:28-07:00,0,102
CV.html,52,html,2948b921,AvailableUsernameA,2025-04-04,18:04:28,-07:00,2025-04-04T18:04:28-07:00,0,204
CV.html,53,html,2948b921,AvailableUsernameA,2025-04-04,18:04:28,-07:00,2025-04-04T18:04:28-07:00,0,117
CV.html,54,html,2948b921,AvailableUsernameA,2025-04-04,18:04:28,-07:00,2025-04-04T18:04:28-07:00,0,100
CV.html,55,html,2948b921,AvailableUsernameA,2025-04-04,18:04:28,-07:00,2025-04-04T18:04:28-07:00,0,4
CV.html,56,html,2948b921,AvailableUsernameA,2025-04-04,18:04:28,-07:00,2025-04-04T18:04:28-07:00,0,8
CV.html,57,html,2948b921,AvailableUsernameA,2025-04-04,18:04:28,-07:00,2025-04-04T18:04:28-07:00,0,9
CV.html,58,html,7a973663,AvailableUsernameA,2025-04-04,12:55:32,-07:00,2025-04-04T12:55:32-07:00,0,8
CV.html,59,html,7a973663,AvailableUsernameA,2025-04-04,12:55:32,-07:00,2025-04-04T12:55:32-07:00,0,8
CV.html,60,html,7a973663,AvailableUsernameA,2025-04-04,12:55:32,-07:00,2025-04-04T12:55:32-07:00,0,60
CV.html,61,html,7a973663,AvailableUsernameA,2025-04-04,12:55:32,-07:00,2025-04-04T12:55:32-07:00,0,67
CV.html,62,html,7a973663,AvailableUsernameA,2025-04-04,12:55:32,-07:00,2025-04-04T12:55:32-07:00,0,9
CV.html,63,html,7a973663,AvailableUsernameA,2025-04-04,12:55:32,-07:00,2025-04-04T12:55:32-07:00,0,9
CV.html,64,html,7a973663,AvailableUsernameA,2025-04-04,12:55:32,-07:00,2025-04-04T12:55:32-07:00,0,6
CV.html,65,html,7a973663,AvailableUsernameA,2025-04-04,12:55:32,-07:00,2025-04-04T12:55:32-07:00,0,6
projects/projects.js,1,js,edc2b126,AvailableUsernameA,2025-04-25,18:34:05,-07:00,2025-04-25T18:34:05-07:00,0,56
projects/projects.js,2,js,afa45a79,AvailableUsernameA,2025-05-02,20:58:30,-07:00,2025-05-02T20:58:30-07:00,0,64
projects/projects.js,3,js,edc2b126,AvailableUsernameA,2025-04-25,18:34:05,-07:00,2025-04-25T18:34:05-07:00,0,0
projects/projects.js,4,js,edc2b126,AvailableUsernameA,2025-04-25,18:34:05,-07:00,2025-04-25T18:34:05-07:00,0,56
projects/projects.js,5,js,edc2b126,AvailableUsernameA,2025-04-25,18:34:05,-07:00,2025-04-25T18:34:05-07:00,0,61
projects/projects.js,6,js,afa45a79,AvailableUsernameA,2025-05-02,20:58:30,-07:00,2025-05-02T20:58:30-07:00,0,49
projects/projects.js,7,js,afa45a79,AvailableUsernameA,2025-05-02,20:58:30,-07:00,2025-05-02T20:58:30-07:00,0,0
projects/projects.js,8,js,afa45a79,AvailableUsernameA,2025-05-02,20:58:30,-07:00,2025-05-02T20:58:30-07:00,0,0
projects/projects.js,9,js,afa45a79,AvailableUsernameA,2025-05-02,20:58:30,-07:00,2025-05-02T20:58:30-07:00,0,58
projects/projects.js,10,js,afa45a79,AvailableUsernameA,2025-05-02,20:58:30,-07:00,2025-05-02T20:58:30-07:00,0,0
projects/projects.js,11,js,afa45a79,AvailableUsernameA,2025-05-02,20:58:30,-07:00,2025-05-02T20:58:30-07:00,0,0
projects/projects.js,12,js,afa45a79,AvailableUsernameA,2025-05-02,20:58:30,-07:00,2025-05-02T20:58:30-07:00,0,14
projects/projects.js,13,js,afa45a79,AvailableUsernameA,2025-05-02,20:58:30,-07:00,2025-05-02T20:58:30-07:00,0,54
projects/projects.js,14,js,afa45a79,AvailableUsernameA,2025-05-02,20:58:30,-07:00,2025-05-02T20:58:30-07:00,0,30
projects/projects.js,15,js,afa45a79,AvailableUsernameA,2025-05-02,20:58:30,-07:00,2025-05-02T20:58:30-07:00,0,18
projects/projects.js,16,js,afa45a79,AvailableUsernameA,2025-05-02,20:58:30,-07:00,2025-05-02T20:58:30-07:00,0,53
projects/projects.js,17,js,afa45a79,AvailableUsernameA,2025-05-02,20:58:30,-07:00,2025-05-02T20:58:30-07:00,0,61
projects/projects.js,18,js,afa45a79,AvailableUsernameA,2025-05-02,20:58:30,-07:00,2025-05-02T20:58:30-07:00,0,43
projects/projects.js,19,js,afa45a79,AvailableUsernameA,2025-05-02,20:58:30,-07:00,2025-05-02T20:58:30-07:00,0,2
projects/projects.js,20,js,afa45a79,AvailableUsernameA,2025-05-02,20:58:30,-07:00,2025-05-02T20:58:30-07:00,0,23
projects/projects.js,21,js,afa45a79,AvailableUsernameA,2025-05-02,20:58:30,-07:00,2025-05-02T20:58:30-07:00,0,0
projects/projects.js,22,js,afa45a79,AvailableUsernameA,2025-05-02,20:58:30,-07:00,2025-05-02T20:58:30-07:00,0,0
projects/projects.js,23,js,afa45a79,AvailableUsernameA,2025-05-02,20:58:30,-07:00,2025-05-02T20:58:30-07:00,0,0
projects/projects.js,24,js,afa45a79,AvailableUsernameA,2025-05-02,20:58:30,-07:00,2025-05-02T20:58:30-07:00,0,22
projects/projects.js,25,js,afa45a79,AvailableUsernameA,2025-05-02,20:58:30,-07:00,2025-05-02T20:58:30-07:00,0,0
projects/projects.js,26,js,afa45a79,AvailableUsernameA,2025-05-02,20:58:30,-07:00,2025-05-02T20:58:30-07:00,0,39
projects/projects.js,27,js,afa45a79,AvailableUsernameA,2025-05-02,20:58:30,-07:00,2025-05-02T20:58:30-07:00,0,26
projects/projects.js,28,js,afa45a79,AvailableUsernameA,2025-05-02,20:58:30,-07:00,2025-05-02T20:58:30-07:00,0,30
projects/projects.js,29,js,afa45a79,AvailableUsernameA,2025-05-02,20:58:30,-07:00,2025-05-02T20:58:30-07:00,0,13
projects/projects.js,30,js,afa45a79,AvailableUsernameA,2025-05-02,20:58:30,-07:00,2025-05-02T20:58:30-07:00,0,15
projects/projects.js,31,js,afa45a79,AvailableUsernameA,2025-05-02,20:58:30,-07:00,2025-05-02T20:58:30-07:00,0,13
projects/projects.js,32,js,afa45a79,AvailableUsernameA,2025-05-02,20:58:30,-07:00,2025-05-02T20:58:30-07:00,0,1
projects/projects.js,33,js,afa45a79,AvailableUsernameA,2025-05-02,20:58:30,-07:00,2025-05-02T20:58:30-07:00,0,19
projects/projects.js,34,js,afa45a79,AvailableUsernameA,2025-05-02,20:58:30,-07:00,2025-05-02T20:58:30-07:00,0,51
projects/projects.js,35,js,afa45a79,AvailableUsernameA,2025-05-02,20:58:30,-07:00,2025-05-02T20:58:30-07:00,0,42
projects/projects.js,36,js,afa45a79,AvailableUsernameA,2025-05-02,20:58:30,-07:00,2025-05-02T20:58:30-07:00,0,2
projects/projects.js,37,js,afa45a79,AvailableUsernameA,2025-05-02,20:58:30,-07:00,2025-05-02T20:58:30-07:00,0,51
projects/projects.js,38,js,afa45a79,AvailableUsernameA,2025-05-02,20:58:30,-07:00,2025-05-02T20:58:30-07:00,0,55
projects/projects.js,39,js,afa45a79,AvailableUsernameA,2025-05-02,20:58:30,-07:00,2025-05-02T20:58:30-07:00,0,43
projects/projects.js,40,js,afa45a79,AvailableUsernameA,2025-05-02,20:58:30,-07:00,2025-05-02T20:58:30-07:00,0,52
projects/projects.js,41,js,afa45a79,AvailableUsernameA,2025-05-02,20:58:30,-07:00,2025-05-02T20:58:30-07:00,0,34
projects/projects.js,42,js,afa45a79,AvailableUsernameA,2025-05-02,20:58:30,-07:00,2025-05-02T20:58:30-07:00,0,29
projects/projects.js,43,js,afa45a79,AvailableUsernameA,2025-05-02,20:58:30,-07:00,2025-05-02T20:58:30-07:00,0,33
projects/projects.js,44,js,afa45a79,AvailableUsernameA,2025-05-02,20:58:30,-07:00,2025-05-02T20:58:30-07:00,0,36
projects/projects.js,45,js,afa45a79,AvailableUsernameA,2025-05-02,20:58:30,-07:00,2025-05-02T20:58:30-07:00,0,34
projects/projects.js,46,js,afa45a79,AvailableUsernameA,2025-05-02,20:58:30,-07:00,2025-05-02T20:58:30-07:00,0,54
projects/projects.js,47,js,afa45a79,AvailableUsernameA,2025-05-02,20:58:30,-07:00,2025-05-02T20:58:30-07:00,0,48
projects/projects.js,48,js,00000000,Not Committed Yet,2025-05-07,15:38:22,-07:00,2025-05-07T15:38:22-07:00,0,29
projects/projects.js,49,js,afa45a79,AvailableUsernameA,2025-05-02,20:58:30,-07:00,2025-05-02T20:58:30-07:00,0,30
projects/projects.js,50,js,afa45a79,AvailableUsernameA,2025-05-02,20:58:30,-07:00,2025-05-02T20:58:30-07:00,0,15
projects/projects.js,51,js,afa45a79,AvailableUsernameA,2025-05-02,20:58:30,-07:00,2025-05-02T20:58:30-07:00,0,14
projects/projects.js,52,js,afa45a79,AvailableUsernameA,2025-05-02,20:58:30,-07:00,2025-05-02T20:58:30-07:00,0,14
projects/projects.js,53,js,afa45a79,AvailableUsernameA,2025-05-02,20:58:30,-07:00,2025-05-02T20:58:30-07:00,0,98
projects/projects.js,54,js,afa45a79,AvailableUsernameA,2025-05-02,20:58:30,-07:00,2025-05-02T20:58:30-07:00,0,1
projects/projects.js,55,js,afa45a79,AvailableUsernameA,2025-05-02,20:58:30,-07:00,2025-05-02T20:58:30-07:00,0,33
projects/projects.js,56,js,afa45a79,AvailableUsernameA,2025-05-02,20:58:30,-07:00,2025-05-02T20:58:30-07:00,0,28
projects/projects.js,57,js,afa45a79,AvailableUsernameA,2025-05-02,20:58:30,-07:00,2025-05-02T20:58:30-07:00,0,5
projects/projects.js,58,js,afa45a79,AvailableUsernameA,2025-05-02,20:58:30,-07:00,2025-05-02T20:58:30-07:00,0,12
projects/projects.js,59,js,afa45a79,AvailableUsernameA,2025-05-02,20:58:30,-07:00,2025-05-02T20:58:30-07:00,0,94
projects/projects.js,60,js,afa45a79,AvailableUsernameA,2025-05-02,20:58:30,-07:00,2025-05-02T20:58:30-07:00,0,26
projects/projects.js,61,js,afa45a79,AvailableUsernameA,2025-05-02,20:58:30,-07:00,2025-05-02T20:58:30-07:00,0,100
projects/projects.js,62,js,afa45a79,AvailableUsernameA,2025-05-02,20:58:30,-07:00,2025-05-02T20:58:30-07:00,0,2
projects/projects.js,63,js,afa45a79,AvailableUsernameA,2025-05-02,20:58:30,-07:00,2025-05-02T20:58:30-07:00,0,26
projects/projects.js,64,js,afa45a79,AvailableUsernameA,2025-05-02,20:58:30,-07:00,2025-05-02T20:58:30-07:00,0,30
projects/projects.js,65,js,afa45a79,AvailableUsernameA,2025-05-02,20:58:30,-07:00,2025-05-02T20:58:30-07:00,0,0
projects/projects.js,66,js,afa45a79,AvailableUsernameA,2025-05-02,20:58:30,-07:00,2025-05-02T20:58:30-07:00,0,28
projects/projects.js,67,js,afa45a79,AvailableUsernameA,2025-05-02,20:58:30,-07:00,2025-05-02T20:58:30-07:00,0,2
projects/projects.js,68,js,afa45a79,AvailableUsernameA,2025-05-02,20:58:30,-07:00,2025-05-02T20:58:30-07:00,0,14
projects/projects.js,69,js,afa45a79,AvailableUsernameA,2025-05-02,20:58:30,-07:00,2025-05-02T20:58:30-07:00,0,14
projects/projects.js,70,js,afa45a79,AvailableUsernameA,2025-05-02,20:58:30,-07:00,2025-05-02T20:58:30-07:00,0,23
projects/projects.js,71,js,afa45a79,AvailableUsernameA,2025-05-02,20:58:30,-07:00,2025-05-02T20:58:30-07:00,0,19
projects/projects.js,72,js,afa45a79,AvailableUsernameA,2025-05-02,20:58:30,-07:00,2025-05-02T20:58:30-07:00,0,50
projects/projects.js,73,js,afa45a79,AvailableUsernameA,2025-05-02,20:58:30,-07:00,2025-05-02T20:58:30-07:00,0,44
projects/projects.js,74,js,afa45a79,AvailableUsernameA,2025-05-02,20:58:30,-07:00,2025-05-02T20:58:30-07:00,0,0
projects/projects.js,75,js,afa45a79,AvailableUsernameA,2025-05-02,20:58:30,-07:00,2025-05-02T20:58:30-07:00,0,2
projects/projects.js,76,js,afa45a79,AvailableUsernameA,2025-05-02,20:58:30,-07:00,2025-05-02T20:58:30-07:00,0,17
projects/projects.js,77,js,afa45a79,AvailableUsernameA,2025-05-02,20:58:30,-07:00,2025-05-02T20:58:30-07:00,0,27
projects/projects.js,78,js,afa45a79,AvailableUsernameA,2025-05-02,20:58:30,-07:00,2025-05-02T20:58:30-07:00,0,69
projects/projects.js,79,js,afa45a79,AvailableUsernameA,2025-05-02,20:58:30,-07:00,2025-05-02T20:58:30-07:00,0,38
projects/projects.js,80,js,afa45a79,AvailableUsernameA,2025-05-02,20:58:30,-07:00,2025-05-02T20:58:30-07:00,0,2
projects/projects.js,81,js,afa45a79,AvailableUsernameA,2025-05-02,20:58:30,-07:00,2025-05-02T20:58:30-07:00,0,5
projects/projects.js,82,js,afa45a79,AvailableUsernameA,2025-05-02,20:58:30,-07:00,2025-05-02T20:58:30-07:00,0,15
projects/projects.js,83,js,afa45a79,AvailableUsernameA,2025-05-02,20:58:30,-07:00,2025-05-02T20:58:30-07:00,0,27
projects/projects.js,84,js,afa45a79,AvailableUsernameA,2025-05-02,20:58:30,-07:00,2025-05-02T20:58:30-07:00,0,66
projects/projects.js,85,js,afa45a79,AvailableUsernameA,2025-05-02,20:58:30,-07:00,2025-05-02T20:58:30-07:00,0,38
projects/projects.js,86,js,afa45a79,AvailableUsernameA,2025-05-02,20:58:30,-07:00,2025-05-02T20:58:30-07:00,0,2
projects/projects.js,87,js,afa45a79,AvailableUsernameA,2025-05-02,20:58:30,-07:00,2025-05-02T20:58:30-07:00,0,26
projects/projects.js,88,js,afa45a79,AvailableUsernameA,2025-05-02,20:58:30,-07:00,2025-05-02T20:58:30-07:00,0,54
projects/projects.js,89,js,afa45a79,AvailableUsernameA,2025-05-02,20:58:30,-07:00,2025-05-02T20:58:30-07:00,0,7
projects/projects.js,90,js,afa45a79,AvailableUsernameA,2025-05-02,20:58:30,-07:00,2025-05-02T20:58:30-07:00,0,53
projects/projects.js,91,js,afa45a79,AvailableUsernameA,2025-05-02,20:58:30,-07:00,2025-05-02T20:58:30-07:00,0,32
projects/projects.js,92,js,afa45a79,AvailableUsernameA,2025-05-02,20:58:30,-07:00,2025-05-02T20:58:30-07:00,0,47
projects/projects.js,93,js,afa45a79,AvailableUsernameA,2025-05-02,20:58:30,-07:00,2025-05-02T20:58:30-07:00,0,75
projects/projects.js,94,js,afa45a79,AvailableUsernameA,2025-05-02,20:58:30,-07:00,2025-05-02T20:58:30-07:00,0,57
projects/projects.js,95,js,afa45a79,AvailableUsernameA,2025-05-02,20:58:30,-07:00,2025-05-02T20:58:30-07:00,0,0
projects/projects.js,96,js,afa45a79,AvailableUsernameA,2025-05-02,20:58:30,-07:00,2025-05-02T20:58:30-07:00,0,2
projects/projects.js,97,js,afa45a79,AvailableUsernameA,2025-05-02,20:58:30,-07:00,2025-05-02T20:58:30-07:00,0,2
projects/projects.js,98,js,afa45a79,AvailableUsernameA,2025-05-02,20:58:30,-07:00,2025-05-02T20:58:30-07:00,0,0
projects/projects.js,99,js,afa45a79,AvailableUsernameA,2025-05-02,20:58:30,-07:00,2025-05-02T20:58:30-07:00,0,0
projects/projects.js,100,js,afa45a79,AvailableUsernameA,2025-05-02,20:58:30,-07:00,2025-05-02T20:58:30-07:00,0,41
projects/projects.js,101,js,afa45a79,AvailableUsernameA,2025-05-02,20:58:30,-07:00,2025-05-02T20:58:30-07:00,0,42
projects/projects.js,102,js,afa45a79,AvailableUsernameA,2025-05-02,20:58:30,-07:00,2025-05-02T20:58:30-07:00,0,31
projects/projects.js,103,js,afa45a79,AvailableUsernameA,2025-05-02,20:58:30,-07:00,2025-05-02T20:58:30-07:00,0,35
projects/projects.js,104,js,afa45a79,AvailableUsernameA,2025-05-02,20:58:30,-07:00,2025-05-02T20:58:30-07:00,0,20
projects/projects.js,105,js,afa45a79,AvailableUsernameA,2025-05-02,20:58:30,-07:00,2025-05-02T20:58:30-07:00,0,22
projects/projects.js,106,js,afa45a79,AvailableUsernameA,2025-05-02,20:58:30,-07:00,2025-05-02T20:58:30-07:00,0,20
projects/projects.js,107,js,afa45a79,AvailableUsernameA,2025-05-02,20:58:30,-07:00,2025-05-02T20:58:30-07:00,0,6
projects/projects.js,108,js,afa45a79,AvailableUsernameA,2025-05-02,20:58:30,-07:00,2025-05-02T20:58:30-07:00,0,24
projects/projects.js,109,js,afa45a79,AvailableUsernameA,2025-05-02,20:58:30,-07:00,2025-05-02T20:58:30-07:00,0,56
projects/projects.js,110,js,afa45a79,AvailableUsernameA,2025-05-02,20:58:30,-07:00,2025-05-02T20:58:30-07:00,0,49
projects/projects.js,111,js,afa45a79,AvailableUsernameA,2025-05-02,20:58:30,-07:00,2025-05-02T20:58:30-07:00,0,7
projects/projects.js,112,js,afa45a79,AvailableUsernameA,2025-05-02,20:58:30,-07:00,2025-05-02T20:58:30-07:00,0,56
projects/projects.js,113,js,afa45a79,AvailableUsernameA,2025-05-02,20:58:30,-07:00,2025-05-02T20:58:30-07:00,0,60
projects/projects.js,114,js,afa45a79,AvailableUsernameA,2025-05-02,20:58:30,-07:00,2025-05-02T20:58:30-07:00,0,48
projects/projects.js,115,js,afa45a79,AvailableUsernameA,2025-05-02,20:58:30,-07:00,2025-05-02T20:58:30-07:00,0,57
projects/projects.js,116,js,afa45a79,AvailableUsernameA,2025-05-02,20:58:30,-07:00,2025-05-02T20:58:30-07:00,0,39
projects/projects.js,117,js,afa45a79,AvailableUsernameA,2025-05-02,20:58:30,-07:00,2025-05-02T20:58:30-07:00,0,34
projects/projects.js,118,js,afa45a79,AvailableUsernameA,2025-05-02,20:58:30,-07:00,2025-05-02T20:58:30-07:00,0,38
projects/projects.js,119,js,afa45a79,AvailableUsernameA,2025-05-02,20:58:30,-07:00,2025-05-02T20:58:30-07:00,0,41
projects/projects.js,120,js,afa45a79,AvailableUsernameA,2025-05-02,20:58:30,-07:00,2025-05-02T20:58:30-07:00,0,39
projects/projects.js,121,js,afa45a79,AvailableUsernameA,2025-05-02,20:58:30,-07:00,2025-05-02T20:58:30-07:00,0,59
projects/projects.js,122,js,afa45a79,AvailableUsernameA,2025-05-02,20:58:30,-07:00,2025-05-02T20:58:30-07:00,0,53
projects/projects.js,123,js,afa45a79,AvailableUsernameA,2025-05-02,20:58:30,-07:00,2025-05-02T20:58:30-07:00,0,35
projects/projects.js,124,js,afa45a79,AvailableUsernameA,2025-05-02,20:58:30,-07:00,2025-05-02T20:58:30-07:00,0,27
projects/projects.js,125,js,afa45a79,AvailableUsernameA,2025-05-02,20:58:30,-07:00,2025-05-02T20:58:30-07:00,0,28
projects/projects.js,126,js,afa45a79,AvailableUsernameA,2025-05-02,20:58:30,-07:00,2025-05-02T20:58:30-07:00,0,28
projects/projects.js,127,js,afa45a79,AvailableUsernameA,2025-05-02,20:58:30,-07:00,2025-05-02T20:58:30-07:00,0,112
projects/projects.js,128,js,afa45a79,AvailableUsernameA,2025-05-02,20:58:30,-07:00,2025-05-02T20:58:30-07:00,0,9
projects/projects.js,129,js,afa45a79,AvailableUsernameA,2025-05-02,20:58:30,-07:00,2025-05-02T20:58:30-07:00,0,38
projects/projects.js,130,js,afa45a79,AvailableUsernameA,2025-05-02,20:58:30,-07:00,2025-05-02T20:58:30-07:00,0,33
projects/projects.js,131,js,afa45a79,AvailableUsernameA,2025-05-02,20:58:30,-07:00,2025-05-02T20:58:30-07:00,0,12
projects/projects.js,132,js,afa45a79,AvailableUsernameA,2025-05-02,20:58:30,-07:00,2025-05-02T20:58:30-07:00,0,19
projects/projects.js,133,js,afa45a79,AvailableUsernameA,2025-05-02,20:58:30,-07:00,2025-05-02T20:58:30-07:00,0,101
projects/projects.js,134,js,afa45a79,AvailableUsernameA,2025-05-02,20:58:30,-07:00,2025-05-02T20:58:30-07:00,0,33
projects/projects.js,135,js,afa45a79,AvailableUsernameA,2025-05-02,20:58:30,-07:00,2025-05-02T20:58:30-07:00,0,107
projects/projects.js,136,js,afa45a79,AvailableUsernameA,2025-05-02,20:58:30,-07:00,2025-05-02T20:58:30-07:00,0,5
projects/projects.js,137,js,afa45a79,AvailableUsernameA,2025-05-02,20:58:30,-07:00,2025-05-02T20:58:30-07:00,0,25
projects/projects.js,138,js,afa45a79,AvailableUsernameA,2025-05-02,20:58:30,-07:00,2025-05-02T20:58:30-07:00,0,29
projects/projects.js,139,js,afa45a79,AvailableUsernameA,2025-05-02,20:58:30,-07:00,2025-05-02T20:58:30-07:00,0,33
projects/projects.js,140,js,afa45a79,AvailableUsernameA,2025-05-02,20:58:30,-07:00,2025-05-02T20:58:30-07:00,0,0
projects/projects.js,141,js,afa45a79,AvailableUsernameA,2025-05-02,20:58:30,-07:00,2025-05-02T20:58:30-07:00,0,31
projects/projects.js,142,js,afa45a79,AvailableUsernameA,2025-05-02,20:58:30,-07:00,2025-05-02T20:58:30-07:00,0,7
projects/projects.js,143,js,afa45a79,AvailableUsernameA,2025-05-02,20:58:30,-07:00,2025-05-02T20:58:30-07:00,0,21
projects/projects.js,144,js,afa45a79,AvailableUsernameA,2025-05-02,20:58:30,-07:00,2025-05-02T20:58:30-07:00,0,21
projects/projects.js,145,js,afa45a79,AvailableUsernameA,2025-05-02,20:58:30,-07:00,2025-05-02T20:58:30-07:00,0,30
projects/projects.js,146,js,afa45a79,AvailableUsernameA,2025-05-02,20:58:30,-07:00,2025-05-02T20:58:30-07:00,0,26
projects/projects.js,147,js,afa45a79,AvailableUsernameA,2025-05-02,20:58:30,-07:00,2025-05-02T20:58:30-07:00,0,59
projects/projects.js,148,js,afa45a79,AvailableUsernameA,2025-05-02,20:58:30,-07:00,2025-05-02T20:58:30-07:00,0,53
projects/projects.js,149,js,afa45a79,AvailableUsernameA,2025-05-02,20:58:30,-07:00,2025-05-02T20:58:30-07:00,0,0
projects/projects.js,150,js,afa45a79,AvailableUsernameA,2025-05-02,20:58:30,-07:00,2025-05-02T20:58:30-07:00,0,9
projects/projects.js,151,js,afa45a79,AvailableUsernameA,2025-05-02,20:58:30,-07:00,2025-05-02T20:58:30-07:00,0,26
projects/projects.js,152,js,afa45a79,AvailableUsernameA,2025-05-02,20:58:30,-07:00,2025-05-02T20:58:30-07:00,0,36
projects/projects.js,153,js,afa45a79,AvailableUsernameA,2025-05-02,20:58:30,-07:00,2025-05-02T20:58:30-07:00,0,80
projects/projects.js,154,js,afa45a79,AvailableUsernameA,2025-05-02,20:58:30,-07:00,2025-05-02T20:58:30-07:00,0,49
projects/projects.js,155,js,afa45a79,AvailableUsernameA,2025-05-02,20:58:30,-07:00,2025-05-02T20:58:30-07:00,0,11
projects/projects.js,156,js,afa45a79,AvailableUsernameA,2025-05-02,20:58:30,-07:00,2025-05-02T20:58:30-07:00,0,12
projects/projects.js,157,js,afa45a79,AvailableUsernameA,2025-05-02,20:58:30,-07:00,2025-05-02T20:58:30-07:00,0,24
projects/projects.js,158,js,afa45a79,AvailableUsernameA,2025-05-02,20:58:30,-07:00,2025-05-02T20:58:30-07:00,0,36
projects/projects.js,159,js,afa45a79,AvailableUsernameA,2025-05-02,20:58:30,-07:00,2025-05-02T20:58:30-07:00,0,75
projects/projects.js,160,js,afa45a79,AvailableUsernameA,2025-05-02,20:58:30,-07:00,2025-05-02T20:58:30-07:00,0,49
projects/projects.js,161,js,afa45a79,AvailableUsernameA,2025-05-02,20:58:30,-07:00,2025-05-02T20:58:30-07:00,0,9
projects/projects.js,162,js,afa45a79,AvailableUsernameA,2025-05-02,20:58:30,-07:00,2025-05-02T20:58:30-07:00,0,33
projects/projects.js,163,js,afa45a79,AvailableUsernameA,2025-05-02,20:58:30,-07:00,2025-05-02T20:58:30-07:00,0,58
projects/projects.js,164,js,afa45a79,AvailableUsernameA,2025-05-02,20:58:30,-07:00,2025-05-02T20:58:30-07:00,0,14
projects/projects.js,165,js,afa45a79,AvailableUsernameA,2025-05-02,20:58:30,-07:00,2025-05-02T20:58:30-07:00,0,62
projects/projects.js,166,js,afa45a79,AvailableUsernameA,2025-05-02,20:58:30,-07:00,2025-05-02T20:58:30-07:00,0,41
projects/projects.js,167,js,afa45a79,AvailableUsernameA,2025-05-02,20:58:30,-07:00,2025-05-02T20:58:30-07:00,0,56
projects/projects.js,168,js,afa45a79,AvailableUsernameA,2025-05-02,20:58:30,-07:00,2025-05-02T20:58:30-07:00,0,79
projects/projects.js,169,js,afa45a79,AvailableUsernameA,2025-05-02,20:58:30,-07:00,2025-05-02T20:58:30-07:00,0,66
projects/projects.js,170,js,afa45a79,AvailableUsernameA,2025-05-02,20:58:30,-07:00,2025-05-02T20:58:30-07:00,0,7
projects/projects.js,171,js,afa45a79,AvailableUsernameA,2025-05-02,20:58:30,-07:00,2025-05-02T20:58:30-07:00,0,7
projects/projects.js,172,js,afa45a79,AvailableUsernameA,2025-05-02,20:58:30,-07:00,2025-05-02T20:58:30-07:00,0,5
projects/projects.js,173,js,afa45a79,AvailableUsernameA,2025-05-02,20:58:30,-07:00,2025-05-02T20:58:30-07:00,0,3
projects/projects.js,174,js,afa45a79,AvailableUsernameA,2025-05-02,20:58:30,-07:00,2025-05-02T20:58:30-07:00,0,0
projects/projects.js,175,js,afa45a79,AvailableUsernameA,2025-05-02,20:58:30,-07:00,2025-05-02T20:58:30-07:00,0,33
projects/projects.js,176,js,afa45a79,AvailableUsernameA,2025-05-02,20:58:30,-07:00,2025-05-02T20:58:30-07:00,0,24
projects/projects.js,177,js,afa45a79,AvailableUsernameA,2025-05-02,20:58:30,-07:00,2025-05-02T20:58:30-07:00,0,0
projects/projects.js,178,js,afa45a79,AvailableUsernameA,2025-05-02,20:58:30,-07:00,2025-05-02T20:58:30-07:00,0,50
projects/projects.js,179,js,afa45a79,AvailableUsernameA,2025-05-02,20:58:30,-07:00,2025-05-02T20:58:30-07:00,0,51
projects/projects.js,180,js,afa45a79,AvailableUsernameA,2025-05-02,20:58:30,-07:00,2025-05-02T20:58:30-07:00,0,53
projects/projects.js,181,js,afa45a79,AvailableUsernameA,2025-05-02,20:58:30,-07:00,2025-05-02T20:58:30-07:00,0,57
projects/projects.js,182,js,afa45a79,AvailableUsernameA,2025-05-02,20:58:30,-07:00,2025-05-02T20:58:30-07:00,0,32
projects/projects.js,183,js,afa45a79,AvailableUsernameA,2025-05-02,20:58:30,-07:00,2025-05-02T20:58:30-07:00,0,2
projects/index.html,1,html,dd75c063,AvailableUsernameA,2025-04-03,17:04:21,-07:00,2025-04-03T17:04:21-07:00,0,14
projects/index.html,2,html,dd75c063,AvailableUsernameA,2025-04-03,17:04:21,-07:00,2025-04-03T17:04:21-07:00,0,15
projects/index.html,3,html,dd75c063,AvailableUsernameA,2025-04-03,17:04:21,-07:00,2025-04-03T17:04:21-07:00,0,5
projects/index.html,4,html,dd75c063,AvailableUsernameA,2025-04-03,17:04:21,-07:00,2025-04-03T17:04:21-07:00,0,21
projects/index.html,5,html,dd75c063,AvailableUsernameA,2025-04-03,17:04:21,-07:00,2025-04-03T17:04:21-07:00,0,69
projects/index.html,6,html,dd75c063,AvailableUsernameA,2025-04-03,17:04:21,-07:00,2025-04-03T17:04:21-07:00,0,35
projects/index.html,7,html,96d7bd1d,AvailableUsernameA,2025-04-11,12:57:47,-07:00,2025-04-11T12:57:47-07:00,0,42
projects/index.html,8,html,dd75c063,AvailableUsernameA,2025-04-03,17:04:21,-07:00,2025-04-03T17:04:21-07:00,0,6
projects/index.html,9,html,dd75c063,AvailableUsernameA,2025-04-03,17:04:21,-07:00,2025-04-03T17:04:21-07:00,0,5
projects/index.html,10,html,36aade0d,AvailableUsernameA,2025-04-17,14:21:07,-07:00,2025-04-17T14:21:07-07:00,0,49
projects/index.html,11,html,edc2b126,AvailableUsernameA,2025-04-25,18:34:05,-07:00,2025-04-25T18:34:05-07:00,0,50
projects/index.html,12,html,ff6dd441,AvailableUsernameA,2025-04-17,15:11:09,-07:00,2025-04-17T15:11:09-07:00,0,9
projects/index.html,13,html,96d7bd1d,AvailableUsernameA,2025-04-11,12:57:47,-07:00,2025-04-11T12:57:47-07:00,0,17
projects/index.html,14,html,4bf905c7,AvailableUsernameA,2025-04-04,12:26:14,-07:00,2025-04-04T12:26:14-07:00,0,40
projects/index.html,15,html,96d7bd1d,AvailableUsernameA,2025-04-11,12:57:47,-07:00,2025-04-11T12:57:47-07:00,0,51
projects/index.html,16,html,3d74f25b,AvailableUsernameA,2025-04-17,14:55:24,-07:00,2025-04-17T14:55:24-07:00,0,41
projects/index.html,17,html,4bf905c7,AvailableUsernameA,2025-04-04,12:26:14,-07:00,2025-04-04T12:26:14-07:00,0,83
projects/index.html,18,html,7a973663,AvailableUsernameA,2025-04-04,12:55:32,-07:00,2025-04-04T12:55:32-07:00,0,35
projects/index.html,19,html,4bf905c7,AvailableUsernameA,2025-04-04,12:26:14,-07:00,2025-04-04T12:26:14-07:00,0,4
projects/index.html,20,html,ff6dd441,AvailableUsernameA,2025-04-17,15:11:09,-07:00,2025-04-17T15:11:09-07:00,0,9
projects/index.html,21,html,afa45a79,AvailableUsernameA,2025-05-02,20:58:30,-07:00,2025-05-02T20:58:30-07:00,0,42
projects/index.html,22,html,afa45a79,AvailableUsernameA,2025-05-02,20:58:30,-07:00,2025-05-02T20:58:30-07:00,0,58
projects/index.html,23,html,afa45a79,AvailableUsernameA,2025-05-02,20:58:30,-07:00,2025-05-02T20:58:30-07:00,0,41
projects/index.html,24,html,afa45a79,AvailableUsernameA,2025-05-02,20:58:30,-07:00,2025-05-02T20:58:30-07:00,0,9
projects/index.html,25,html,afa45a79,AvailableUsernameA,2025-05-02,20:58:30,-07:00,2025-05-02T20:58:30-07:00,0,22
projects/index.html,26,html,afa45a79,AvailableUsernameA,2025-05-02,20:58:30,-07:00,2025-05-02T20:58:30-07:00,0,49
projects/index.html,27,html,afa45a79,AvailableUsernameA,2025-05-02,20:58:30,-07:00,2025-05-02T20:58:30-07:00,0,78
projects/index.html,28,html,afa45a79,AvailableUsernameA,2025-05-02,20:58:30,-07:00,2025-05-02T20:58:30-07:00,0,5
projects/index.html,29,html,afa45a79,AvailableUsernameA,2025-05-02,20:58:30,-07:00,2025-05-02T20:58:30-07:00,0,23
projects/index.html,30,html,afa45a79,AvailableUsernameA,2025-05-02,20:58:30,-07:00,2025-05-02T20:58:30-07:00,0,5
projects/index.html,31,html,afa45a79,AvailableUsernameA,2025-05-02,20:58:30,-07:00,2025-05-02T20:58:30-07:00,0,5
projects/index.html,32,html,afa45a79,AvailableUsernameA,2025-05-02,20:58:30,-07:00,2025-05-02T20:58:30-07:00,0,16
projects/index.html,33,html,afa45a79,AvailableUsernameA,2025-05-02,20:58:30,-07:00,2025-05-02T20:58:30-07:00,0,12
projects/index.html,34,html,afa45a79,AvailableUsernameA,2025-05-02,20:58:30,-07:00,2025-05-02T20:58:30-07:00,0,27
projects/index.html,35,html,afa45a79,AvailableUsernameA,2025-05-02,20:58:30,-07:00,2025-05-02T20:58:30-07:00,0,32
projects/index.html,36,html,afa45a79,AvailableUsernameA,2025-05-02,20:58:30,-07:00,2025-05-02T20:58:30-07:00,0,1
projects/index.html,37,html,96d7bd1d,AvailableUsernameA,2025-04-11,12:57:47,-07:00,2025-04-11T12:57:47-07:00,0,21
projects/index.html,38,html,edc2b126,AvailableUsernameA,2025-04-25,18:34:05,-07:00,2025-04-25T18:34:05-07:00,0,13
projects/index.html,39,html,96d7bd1d,AvailableUsernameA,2025-04-11,12:57:47,-07:00,2025-04-11T12:57:47-07:00,0,30
projects/index.html,40,html,96d7bd1d,AvailableUsernameA,2025-04-11,12:57:47,-07:00,2025-04-11T12:57:47-07:00,0,71
projects/index.html,41,html,96d7bd1d,AvailableUsernameA,2025-04-11,12:57:47,-07:00,2025-04-11T12:57:47-07:00,0,226
projects/index.html,42,html,96d7bd1d,AvailableUsernameA,2025-04-11,12:57:47,-07:00,2025-04-11T12:57:47-07:00,0,9
projects/index.html,43,html,96d7bd1d,AvailableUsernameA,2025-04-11,12:57:47,-07:00,2025-04-11T12:57:47-07:00,0,8
projects/index.html,44,html,96d7bd1d,AvailableUsernameA,2025-04-11,12:57:47,-07:00,2025-04-11T12:57:47-07:00,0,38
projects/index.html,45,html,96d7bd1d,AvailableUsernameA,2025-04-11,12:57:47,-07:00,2025-04-11T12:57:47-07:00,0,71
projects/index.html,46,html,96d7bd1d,AvailableUsernameA,2025-04-11,12:57:47,-07:00,2025-04-11T12:57:47-07:00,0,229
projects/index.html,47,html,96d7bd1d,AvailableUsernameA,2025-04-11,12:57:47,-07:00,2025-04-11T12:57:47-07:00,0,9
projects/index.html,48,html,96d7bd1d,AvailableUsernameA,2025-04-11,12:57:47,-07:00,2025-04-11T12:57:47-07:00,0,8
projects/index.html,49,html,96d7bd1d,AvailableUsernameA,2025-04-11,12:57:47,-07:00,2025-04-11T12:57:47-07:00,0,37
projects/index.html,50,html,96d7bd1d,AvailableUsernameA,2025-04-11,12:57:47,-07:00,2025-04-11T12:57:47-07:00,0,71
projects/index.html,51,html,96d7bd1d,AvailableUsernameA,2025-04-11,12:57:47,-07:00,2025-04-11T12:57:47-07:00,0,251
projects/index.html,52,html,96d7bd1d,AvailableUsernameA,2025-04-11,12:57:47,-07:00,2025-04-11T12:57:47-07:00,0,9
projects/index.html,53,html,96d7bd1d,AvailableUsernameA,2025-04-11,12:57:47,-07:00,2025-04-11T12:57:47-07:00,0,8
projects/index.html,54,html,96d7bd1d,AvailableUsernameA,2025-04-11,12:57:47,-07:00,2025-04-11T12:57:47-07:00,0,31
projects/index.html,55,html,96d7bd1d,AvailableUsernameA,2025-04-11,12:57:47,-07:00,2025-04-11T12:57:47-07:00,0,71
projects/index.html,56,html,96d7bd1d,AvailableUsernameA,2025-04-11,12:57:47,-07:00,2025-04-11T12:57:47-07:00,0,225
projects/index.html,57,html,96d7bd1d,AvailableUsernameA,2025-04-11,12:57:47,-07:00,2025-04-11T12:57:47-07:00,0,9
projects/index.html,58,html,96d7bd1d,AvailableUsernameA,2025-04-11,12:57:47,-07:00,2025-04-11T12:57:47-07:00,0,8
projects/index.html,59,html,96d7bd1d,AvailableUsernameA,2025-04-11,12:57:47,-07:00,2025-04-11T12:57:47-07:00,0,29
projects/index.html,60,html,96d7bd1d,AvailableUsernameA,2025-04-11,12:57:47,-07:00,2025-04-11T12:57:47-07:00,0,71
projects/index.html,61,html,96d7bd1d,AvailableUsernameA,2025-04-11,12:57:47,-07:00,2025-04-11T12:57:47-07:00,0,212
projects/index.html,62,html,96d7bd1d,AvailableUsernameA,2025-04-11,12:57:47,-07:00,2025-04-11T12:57:47-07:00,0,9
projects/index.html,63,html,96d7bd1d,AvailableUsernameA,2025-04-11,12:57:47,-07:00,2025-04-11T12:57:47-07:00,0,8
projects/index.html,64,html,96d7bd1d,AvailableUsernameA,2025-04-11,12:57:47,-07:00,2025-04-11T12:57:47-07:00,0,42
projects/index.html,65,html,96d7bd1d,AvailableUsernameA,2025-04-11,12:57:47,-07:00,2025-04-11T12:57:47-07:00,0,71
projects/index.html,66,html,96d7bd1d,AvailableUsernameA,2025-04-11,12:57:47,-07:00,2025-04-11T12:57:47-07:00,0,224
projects/index.html,67,html,96d7bd1d,AvailableUsernameA,2025-04-11,12:57:47,-07:00,2025-04-11T12:57:47-07:00,0,9
projects/index.html,68,html,96d7bd1d,AvailableUsernameA,2025-04-11,12:57:47,-07:00,2025-04-11T12:57:47-07:00,0,8
projects/index.html,69,html,96d7bd1d,AvailableUsernameA,2025-04-11,12:57:47,-07:00,2025-04-11T12:57:47-07:00,0,34
projects/index.html,70,html,96d7bd1d,AvailableUsernameA,2025-04-11,12:57:47,-07:00,2025-04-11T12:57:47-07:00,0,71
projects/index.html,71,html,96d7bd1d,AvailableUsernameA,2025-04-11,12:57:47,-07:00,2025-04-11T12:57:47-07:00,0,234
projects/index.html,72,html,96d7bd1d,AvailableUsernameA,2025-04-11,12:57:47,-07:00,2025-04-11T12:57:47-07:00,0,9
projects/index.html,73,html,96d7bd1d,AvailableUsernameA,2025-04-11,12:57:47,-07:00,2025-04-11T12:57:47-07:00,0,8
projects/index.html,74,html,96d7bd1d,AvailableUsernameA,2025-04-11,12:57:47,-07:00,2025-04-11T12:57:47-07:00,0,45
projects/index.html,75,html,96d7bd1d,AvailableUsernameA,2025-04-11,12:57:47,-07:00,2025-04-11T12:57:47-07:00,0,71
projects/index.html,76,html,96d7bd1d,AvailableUsernameA,2025-04-11,12:57:47,-07:00,2025-04-11T12:57:47-07:00,0,239
projects/index.html,77,html,96d7bd1d,AvailableUsernameA,2025-04-11,12:57:47,-07:00,2025-04-11T12:57:47-07:00,0,9
projects/index.html,78,html,96d7bd1d,AvailableUsernameA,2025-04-11,12:57:47,-07:00,2025-04-11T12:57:47-07:00,0,8
projects/index.html,79,html,96d7bd1d,AvailableUsernameA,2025-04-11,12:57:47,-07:00,2025-04-11T12:57:47-07:00,0,29
projects/index.html,80,html,96d7bd1d,AvailableUsernameA,2025-04-11,12:57:47,-07:00,2025-04-11T12:57:47-07:00,0,71
projects/index.html,81,html,96d7bd1d,AvailableUsernameA,2025-04-11,12:57:47,-07:00,2025-04-11T12:57:47-07:00,0,226
projects/index.html,82,html,96d7bd1d,AvailableUsernameA,2025-04-11,12:57:47,-07:00,2025-04-11T12:57:47-07:00,0,9
projects/index.html,83,html,96d7bd1d,AvailableUsernameA,2025-04-11,12:57:47,-07:00,2025-04-11T12:57:47-07:00,0,8
projects/index.html,84,html,96d7bd1d,AvailableUsernameA,2025-04-11,12:57:47,-07:00,2025-04-11T12:57:47-07:00,0,38
projects/index.html,85,html,96d7bd1d,AvailableUsernameA,2025-04-11,12:57:47,-07:00,2025-04-11T12:57:47-07:00,0,71
projects/index.html,86,html,96d7bd1d,AvailableUsernameA,2025-04-11,12:57:47,-07:00,2025-04-11T12:57:47-07:00,0,227
projects/index.html,87,html,96d7bd1d,AvailableUsernameA,2025-04-11,12:57:47,-07:00,2025-04-11T12:57:47-07:00,0,9
projects/index.html,88,html,96d7bd1d,AvailableUsernameA,2025-04-11,12:57:47,-07:00,2025-04-11T12:57:47-07:00,0,8
projects/index.html,89,html,96d7bd1d,AvailableUsernameA,2025-04-11,12:57:47,-07:00,2025-04-11T12:57:47-07:00,0,33
projects/index.html,90,html,96d7bd1d,AvailableUsernameA,2025-04-11,12:57:47,-07:00,2025-04-11T12:57:47-07:00,0,71
projects/index.html,91,html,96d7bd1d,AvailableUsernameA,2025-04-11,12:57:47,-07:00,2025-04-11T12:57:47-07:00,0,242
projects/index.html,92,html,96d7bd1d,AvailableUsernameA,2025-04-11,12:57:47,-07:00,2025-04-11T12:57:47-07:00,0,9
projects/index.html,93,html,96d7bd1d,AvailableUsernameA,2025-04-11,12:57:47,-07:00,2025-04-11T12:57:47-07:00,0,8
projects/index.html,94,html,96d7bd1d,AvailableUsernameA,2025-04-11,12:57:47,-07:00,2025-04-11T12:57:47-07:00,0,34
projects/index.html,95,html,96d7bd1d,AvailableUsernameA,2025-04-11,12:57:47,-07:00,2025-04-11T12:57:47-07:00,0,71
projects/index.html,96,html,96d7bd1d,AvailableUsernameA,2025-04-11,12:57:47,-07:00,2025-04-11T12:57:47-07:00,0,251
projects/index.html,97,html,edc2b126,AvailableUsernameA,2025-04-25,18:34:05,-07:00,2025-04-25T18:34:05-07:00,0,13
projects/index.html,98,html,96d7bd1d,AvailableUsernameA,2025-04-11,12:57:47,-07:00,2025-04-11T12:57:47-07:00,0,5
projects/index.html,99,html,dd75c063,AvailableUsernameA,2025-04-03,17:04:21,-07:00,2025-04-03T17:04:21-07:00,0,6
projects/index.html,100,html,dd75c063,AvailableUsernameA,2025-04-03,17:04:21,-07:00,2025-04-03T17:04:21-07:00,0,6
contact/index.html,1,html,dd75c063,AvailableUsernameA,2025-04-03,17:04:21,-07:00,2025-04-03T17:04:21-07:00,0,14
contact/index.html,2,html,dd75c063,AvailableUsernameA,2025-04-03,17:04:21,-07:00,2025-04-03T17:04:21-07:00,0,15
contact/index.html,3,html,dd75c063,AvailableUsernameA,2025-04-03,17:04:21,-07:00,2025-04-03T17:04:21-07:00,0,5
contact/index.html,4,html,dd75c063,AvailableUsernameA,2025-04-03,17:04:21,-07:00,2025-04-03T17:04:21-07:00,0,21
contact/index.html,5,html,dd75c063,AvailableUsernameA,2025-04-03,17:04:21,-07:00,2025-04-03T17:04:21-07:00,0,69
contact/index.html,6,html,dd75c063,AvailableUsernameA,2025-04-03,17:04:21,-07:00,2025-04-03T17:04:21-07:00,0,34
contact/index.html,7,html,96d7bd1d,AvailableUsernameA,2025-04-11,12:57:47,-07:00,2025-04-11T12:57:47-07:00,0,42
contact/index.html,8,html,dd75c063,AvailableUsernameA,2025-04-03,17:04:21,-07:00,2025-04-03T17:04:21-07:00,0,6
contact/index.html,9,html,dd75c063,AvailableUsernameA,2025-04-03,17:04:21,-07:00,2025-04-03T17:04:21-07:00,0,5
contact/index.html,10,html,36aade0d,AvailableUsernameA,2025-04-17,14:21:07,-07:00,2025-04-17T14:21:07-07:00,0,49
contact/index.html,11,html,ff6dd441,AvailableUsernameA,2025-04-17,15:11:09,-07:00,2025-04-17T15:11:09-07:00,0,9
contact/index.html,12,html,96d7bd1d,AvailableUsernameA,2025-04-11,12:57:47,-07:00,2025-04-11T12:57:47-07:00,0,17
contact/index.html,13,html,4bf905c7,AvailableUsernameA,2025-04-04,12:26:14,-07:00,2025-04-04T12:26:14-07:00,0,40
contact/index.html,14,html,3d74f25b,AvailableUsernameA,2025-04-17,14:55:24,-07:00,2025-04-17T14:55:24-07:00,0,40
contact/index.html,15,html,96d7bd1d,AvailableUsernameA,2025-04-11,12:57:47,-07:00,2025-04-11T12:57:47-07:00,0,53
contact/index.html,16,html,4bf905c7,AvailableUsernameA,2025-04-04,12:26:14,-07:00,2025-04-04T12:26:14-07:00,0,83
contact/index.html,17,html,7a973663,AvailableUsernameA,2025-04-04,12:55:32,-07:00,2025-04-04T12:55:32-07:00,0,35
contact/index.html,18,html,4bf905c7,AvailableUsernameA,2025-04-04,12:26:14,-07:00,2025-04-04T12:26:14-07:00,0,4
contact/index.html,19,html,ff6dd441,AvailableUsernameA,2025-04-17,15:11:09,-07:00,2025-04-17T15:11:09-07:00,0,9
contact/index.html,20,html,96d7bd1d,AvailableUsernameA,2025-04-11,12:57:47,-07:00,2025-04-11T12:57:47-07:00,0,15
contact/index.html,21,html,a0221e1c,AvailableUsernameA,2025-04-18,12:32:59,-07:00,2025-04-18T12:32:59-07:00,0,81
contact/index.html,22,html,a0221e1c,AvailableUsernameA,2025-04-18,12:32:59,-07:00,2025-04-18T12:32:59-07:00,0,37
contact/index.html,23,html,a0221e1c,AvailableUsernameA,2025-04-18,12:32:59,-07:00,2025-04-18T12:32:59-07:00,0,25
contact/index.html,24,html,a0221e1c,AvailableUsernameA,2025-04-18,12:32:59,-07:00,2025-04-18T12:32:59-07:00,0,36
contact/index.html,25,html,4bf905c7,AvailableUsernameA,2025-04-04,12:26:14,-07:00,2025-04-04T12:26:14-07:00,0,22
contact/index.html,26,html,4bf905c7,AvailableUsernameA,2025-04-04,12:26:14,-07:00,2025-04-04T12:26:14-07:00,0,21
contact/index.html,27,html,4bf905c7,AvailableUsernameA,2025-04-04,12:26:14,-07:00,2025-04-04T12:26:14-07:00,0,19
contact/index.html,28,html,4bf905c7,AvailableUsernameA,2025-04-04,12:26:14,-07:00,2025-04-04T12:26:14-07:00,0,32
contact/index.html,29,html,96d7bd1d,AvailableUsernameA,2025-04-11,12:57:47,-07:00,2025-04-11T12:57:47-07:00,0,20
contact/index.html,30,html,f1f11dfd,AvailableUsernameA,2025-04-04,11:44:22,-07:00,2025-04-04T11:44:22-07:00,0,6
contact/index.html,31,html,dd75c063,AvailableUsernameA,2025-04-03,17:04:21,-07:00,2025-04-03T17:04:21-07:00,0,6
contact/index.html,32,html,dd75c063,AvailableUsernameA,2025-04-03,17:04:21,-07:00,2025-04-03T17:04:21-07:00,0,6
